customer_id,Revenue,Orders,Quantity,Average_Order_Value
CUST3738,36874.85,7,16,5267.835714285714
CUST1595,35314.75,7,16,5044.964285714285
CUST6887,31474.55,4,11,7868.6375
CUST2880,30513.4,7,17,4359.057142857143
CUST1498,29701.95,5,15,5940.39
CUST3924,29683.6,7,12,4240.5142857142855
CUST5338,28935.25,4,10,7233.8125
CUST1265,28669.65,5,11,5733.93
CUST2584,28331.050000000003,6,16,4721.841666666667
CUST3088,27490.6,4,10,6872.65
CUST4575,26706.45,3,9,8902.15
CUST3126,26592.8,7,19,3798.9714285714285
CUST7228,25909.0,7,17,3701.285714285714
CUST5526,25902.9,6,13,4317.150000000001
CUST1429,25788.9,4,12,6447.225
CUST2896,25628.2,6,13,4271.366666666667
CUST7203,25395.2,7,16,3627.8857142857146
CUST6776,24993.15,5,13,4998.63
CUST5421,24970.4,6,10,4161.733333333334
CUST7077,24215.2,7,16,3459.3142857142857
CUST2543,23957.9,4,13,5989.475
CUST1039,23670.35,5,16,4734.07
CUST4585,23536.05,7,15,3362.292857142857
CUST4178,23399.25,5,13,4679.85
CUST3462,23133.65,7,12,3304.807142857143
CUST5470,23037.25,4,8,5759.3125
CUST7336,22998.0,7,13,3285.4285714285716
CUST7842,22964.6,8,17,2870.575
CUST6803,22937.8,7,13,3276.828571428571
CUST6557,22866.699999999997,5,9,4573.339999999999
CUST2335,22808.95,5,12,4561.79
CUST5648,22800.6,4,10,5700.15
CUST3106,22402.2,7,14,3200.3142857142857
CUST6570,22291.850000000002,5,14,4458.370000000001
CUST4834,22048.600000000002,4,12,5512.150000000001
CUST1674,21977.55,5,13,4395.51
CUST4947,21971.2,5,15,4394.24
CUST3056,21927.9,5,13,4385.58
CUST2995,21745.5,4,10,5436.375
CUST5371,21731.3,3,9,7243.766666666666
CUST3271,21646.55,4,9,5411.6375
CUST1737,21248.95,4,12,5312.2375
CUST1154,21141.0,3,10,7047.0
CUST2879,21109.050000000003,5,12,4221.81
CUST6835,21002.0,4,9,5250.5
CUST6424,20976.0,6,15,3496.0
CUST5298,20939.35,8,17,2617.41875
CUST5007,20878.75,5,12,4175.75
CUST6405,20819.0,5,12,4163.8
CUST1481,20720.3,5,10,4144.0599999999995
CUST1464,20681.8,5,9,4136.36
CUST2915,20611.7,4,9,5152.925
CUST7278,20580.9,5,10,4116.18
CUST1439,20407.15,3,9,6802.383333333334
CUST4509,20392.5,2,8,10196.25
CUST2166,20333.2,4,7,5083.3
CUST7839,20283.2,3,7,6761.066666666667
CUST7279,20236.55,5,15,4047.31
CUST6243,19943.95,5,12,3988.79
CUST1338,19774.35,4,12,4943.5875
CUST4170,19742.9,8,13,2467.8625
CUST1465,19677.25,4,8,4919.3125
CUST7847,19669.65,6,11,3278.275
CUST5462,19517.85,4,8,4879.4625
CUST5652,19509.0,5,12,3901.8
CUST7207,19443.15,4,13,4860.7875
CUST5942,19279.6,5,12,3855.9199999999996
CUST5659,19265.35,5,10,3853.0699999999997
CUST2057,19174.35,5,11,3834.87
CUST3598,19101.7,5,9,3820.34
CUST7124,19088.2,4,12,4772.05
CUST2155,19066.8,5,9,3813.3599999999997
CUST1827,19050.25,5,16,3810.05
CUST4380,19016.7,7,15,2716.671428571429
CUST6691,18966.15,3,10,6322.05
CUST5336,18810.8,5,10,3762.16
CUST5678,18795.7,4,10,4698.925
CUST7718,18739.7,4,11,4684.925
CUST5638,18702.55,4,8,4675.6375
CUST4033,18647.699999999997,8,14,2330.9624999999996
CUST3700,18638.85,5,12,3727.7699999999995
CUST7671,18624.95,5,11,3724.9900000000002
CUST1577,18613.1,3,7,6204.366666666666
CUST7375,18603.25,5,13,3720.65
CUST6494,18564.55,3,11,6188.183333333333
CUST3010,18557.85,3,8,6185.95
CUST3917,18432.3,4,8,4608.075
CUST7001,18239.35,2,6,9119.675
CUST2461,18206.95,5,9,3641.3900000000003
CUST6431,18182.5,5,8,3636.5
CUST2691,18170.1,4,11,4542.525
CUST4824,18119.25,2,6,9059.625
CUST7519,18112.3,4,8,4528.075
CUST1992,17970.05,7,11,2567.15
CUST3302,17916.75,3,9,5972.25
CUST3923,17908.199999999997,5,13,3581.6399999999994
CUST2837,17887.85,4,8,4471.9625
CUST4116,17773.1,4,7,4443.275
CUST4898,17767.4,4,8,4441.85
CUST1095,17723.75,5,12,3544.75
CUST7784,17689.5,6,12,2948.25
CUST3920,17611.1,4,9,4402.775
CUST6770,17597.25,3,9,5865.75
CUST5673,17590.15,4,10,4397.5375
CUST5806,17495.0,1,5,17495.0
CUST5817,17453.3,4,7,4363.325
CUST4854,17429.100000000002,5,12,3485.8200000000006
CUST2265,17350.0,4,11,4337.5
CUST1490,17167.15,4,8,4291.7875
CUST3425,17154.2,2,6,8577.1
CUST7756,17107.8,5,13,3421.56
CUST4111,17078.350000000002,3,7,5692.783333333334
CUST7531,17029.9,6,11,2838.316666666667
CUST4490,16991.0,3,10,5663.666666666667
CUST2039,16973.4,2,7,8486.7
CUST5107,16971.2,3,9,5657.066666666667
CUST2556,16907.9,5,13,3381.5800000000004
CUST1616,16890.05,4,10,4222.5125
CUST7070,16889.15,7,12,2412.7357142857145
CUST4078,16881.3,5,9,3376.2599999999998
CUST1878,16845.9,6,10,2807.65
CUST1024,16834.5,5,11,3366.9
CUST1740,16823.0,4,8,4205.75
CUST4244,16809.9,4,11,4202.475
CUST3892,16799.9,3,11,5599.966666666667
CUST5011,16783.65,5,12,3356.7300000000005
CUST1644,16718.550000000003,3,7,5572.850000000001
CUST3588,16716.75,3,9,5572.25
CUST6443,16664.35,6,11,2777.3916666666664
CUST3392,16644.6,2,6,8322.3
CUST5545,16620.25,1,5,16620.25
CUST1353,16595.2,3,5,5531.733333333334
CUST4621,16591.55,4,9,4147.8875
CUST1055,16540.7,4,11,4135.175
CUST6979,16539.9,6,11,2756.65
CUST5816,16537.85,4,8,4134.4625
CUST4901,16510.8,6,10,2751.7999999999997
CUST3629,16496.75,5,9,3299.35
CUST4409,16470.6,5,10,3294.12
CUST5941,16469.6,7,11,2352.7999999999997
CUST2761,16453.5,4,7,4113.375
CUST7675,16445.55,4,10,4111.3875
CUST2905,16441.4,5,10,3288.28
CUST3485,16418.85,2,7,8209.425
CUST1074,16352.15,3,9,5450.716666666666
CUST6589,16330.75,6,10,2721.7916666666665
CUST7363,16292.95,3,8,5430.983333333334
CUST1067,16276.1,4,15,4069.025
CUST4950,16262.3,4,8,4065.575
CUST1837,16201.65,3,9,5400.55
CUST2255,16164.05,7,12,2309.15
CUST7213,16142.6,3,8,5380.866666666667
CUST2352,16081.7,5,9,3216.34
CUST5000,16069.699999999999,5,11,3213.9399999999996
CUST5258,16024.15,6,12,2670.6916666666666
CUST5181,15969.15,2,6,7984.575
CUST2851,15954.349999999999,4,11,3988.5874999999996
CUST2964,15908.599999999999,4,12,3977.1499999999996
CUST6088,15890.25,6,16,2648.375
CUST3512,15865.150000000001,4,10,3966.2875000000004
CUST3161,15853.300000000001,3,7,5284.433333333333
CUST3856,15852.65,5,8,3170.5299999999997
CUST1917,15842.55,6,13,2640.4249999999997
CUST2434,15828.45,2,7,7914.225
CUST2787,15783.7,3,7,5261.233333333334
CUST7396,15753.6,3,7,5251.2
CUST3887,15745.5,1,5,15745.5
CUST4229,15698.65,6,7,2616.4416666666666
CUST2677,15680.45,5,10,3136.09
CUST3534,15678.25,6,13,2613.0416666666665
CUST1966,15654.300000000001,3,6,5218.1
CUST1698,15594.4,2,6,7797.2
CUST4282,15496.650000000001,5,15,3099.3300000000004
CUST6619,15463.0,4,8,3865.75
CUST6198,15445.1,3,5,5148.366666666667
CUST6028,15435.1,2,5,7717.55
CUST2311,15414.449999999999,4,11,3853.6124999999997
CUST2527,15411.6,4,9,3852.9
CUST7283,15400.05,4,11,3850.0125
CUST5115,15398.15,6,12,2566.358333333333
CUST2573,15383.7,2,7,7691.85
CUST4149,15323.15,4,7,3830.7875
CUST2757,15319.9,3,11,5106.633333333333
CUST1253,15287.150000000001,4,9,3821.7875000000004
CUST6017,15273.8,4,7,3818.45
CUST1169,15272.6,2,8,7636.3
CUST7916,15265.4,4,10,3816.35
CUST4479,15236.35,4,9,3809.0875
CUST5741,15232.1,4,9,3808.025
CUST1534,15228.4,4,12,3807.1
CUST6130,15166.75,5,9,3033.35
CUST7614,15111.0,3,10,5037.0
CUST7136,15102.599999999999,4,8,3775.6499999999996
CUST7560,15100.3,4,10,3775.075
CUST4278,15097.15,3,8,5032.383333333333
CUST3320,15095.15,5,10,3019.0299999999997
CUST3266,15077.75,4,8,3769.4375
CUST5252,15050.6,4,10,3762.65
CUST7843,15035.45,4,10,3758.8625
CUST3215,15003.35,2,7,7501.675
CUST7033,14949.6,5,6,2989.92
CUST2897,14935.099999999999,2,6,7467.549999999999
CUST5243,14909.6,5,11,2981.92
CUST4704,14884.25,5,12,2976.85
CUST4190,14848.55,5,12,2969.71
CUST5734,14845.5,1,5,14845.5
CUST2225,14845.5,1,5,14845.5
CUST1220,14799.15,2,6,7399.575
CUST2814,14792.55,4,8,3698.1375
CUST3274,14782.85,4,8,3695.7125
CUST4840,14753.6,3,7,4917.866666666667
CUST4969,14744.1,2,6,7372.05
CUST2014,14729.65,5,11,2945.93
CUST2899,14723.15,3,7,4907.716666666666
CUST7441,14702.5,4,8,3675.625
CUST3903,14683.25,4,7,3670.8125
CUST5677,14660.35,2,5,7330.175
CUST6022,14613.2,3,7,4871.066666666667
CUST1137,14596.55,4,9,3649.1375
CUST5015,14589.45,5,12,2917.8900000000003
CUST5834,14578.75,4,7,3644.6875
CUST3188,14549.7,5,11,2909.94
CUST2192,14549.6,6,12,2424.9333333333334
CUST6834,14549.199999999999,3,6,4849.733333333333
CUST6345,14543.3,3,7,4847.766666666666
CUST7474,14507.849999999999,5,8,2901.5699999999997
CUST1590,14504.5,3,6,4834.833333333333
CUST6690,14488.5,5,13,2897.7
CUST4008,14465.45,5,10,2893.09
CUST6532,14451.65,6,9,2408.608333333333
CUST3172,14446.2,5,10,2889.2400000000002
CUST7192,14444.900000000001,2,6,7222.450000000001
CUST6991,14442.7,3,8,4814.233333333334
CUST4432,14431.45,3,9,4810.483333333334
CUST7900,14397.6,4,8,3599.4
CUST1425,14395.4,2,5,7197.7
CUST7612,14391.6,5,9,2878.32
CUST1006,14382.5,4,8,3595.625
CUST1216,14333.5,5,12,2866.7
CUST7874,14331.4,4,9,3582.85
CUST7459,14323.199999999999,5,7,2864.64
CUST2830,14273.65,3,7,4757.883333333333
CUST1210,14230.0,4,11,3557.5
CUST2275,14221.75,4,9,3555.4375
CUST1062,14206.6,4,9,3551.65
CUST2316,14138.85,4,7,3534.7125
CUST5433,14103.85,4,7,3525.9625
CUST6527,14095.2,3,5,4698.400000000001
CUST1771,14033.599999999999,5,7,2806.72
CUST4695,13996.0,1,4,13996.0
CUST3424,13996.0,1,5,13996.0
CUST5827,13989.8,4,11,3497.45
CUST3931,13969.15,2,6,6984.575
CUST7954,13968.3,4,7,3492.075
CUST4814,13951.65,4,9,3487.9125
CUST3085,13937.65,5,8,2787.5299999999997
CUST1745,13930.35,3,5,4643.45
CUST5497,13893.4,4,7,3473.35
CUST7791,13893.05,2,8,6946.525
CUST6733,13881.5,4,9,3470.375
CUST1975,13881.4,5,9,2776.2799999999997
CUST3232,13878.3,3,7,4626.099999999999
CUST2253,13877.800000000001,6,8,2312.9666666666667
CUST4889,13874.800000000001,2,6,6937.400000000001
CUST7265,13843.5,3,7,4614.5
CUST6701,13842.099999999999,5,9,2768.4199999999996
CUST7722,13837.75,5,8,2767.55
CUST6611,13765.349999999999,3,11,4588.45
CUST1863,13758.55,4,7,3439.6375
CUST2721,13751.25,5,9,2750.25
CUST5282,13743.45,3,7,4581.150000000001
CUST2991,13712.8,3,8,4570.933333333333
CUST6087,13700.5,4,11,3425.125
CUST1598,13662.3,3,9,4554.099999999999
CUST4337,13641.7,3,9,4547.233333333334
CUST5828,13639.15,4,6,3409.7875
CUST4709,13604.449999999999,3,6,4534.816666666667
CUST2872,13593.2,2,8,6796.6
CUST4613,13590.400000000001,4,10,3397.6000000000004
CUST4741,13570.349999999999,2,5,6785.174999999999
CUST2604,13556.45,4,9,3389.1125
CUST5994,13552.3,3,8,4517.433333333333
CUST2437,13510.449999999999,3,5,4503.483333333333
CUST4406,13509.900000000001,2,6,6754.950000000001
CUST4359,13496.55,4,9,3374.1375
CUST4274,13488.849999999999,3,7,4496.283333333333
CUST3366,13474.25,3,6,4491.416666666667
CUST3982,13433.6,3,7,4477.866666666667
CUST6470,13403.15,3,7,4467.716666666666
CUST2188,13397.7,2,8,6698.85
CUST2390,13392.600000000002,3,8,4464.200000000001
CUST1214,13389.949999999999,5,11,2677.99
CUST5211,13388.35,4,7,3347.0875
CUST6647,13387.050000000001,4,9,3346.7625000000003
CUST4413,13373.5,4,7,3343.375
CUST6040,13363.5,3,7,4454.5
CUST7799,13355.5,3,5,4451.833333333333
CUST2369,13340.1,3,10,4446.7
CUST3047,13335.7,2,5,6667.85
CUST6866,13332.25,4,9,3333.0625
CUST3205,13322.2,4,8,3330.55
CUST5782,13314.599999999999,3,6,4438.2
CUST7595,13298.699999999999,3,7,4432.9
CUST7563,13298.25,4,7,3324.5625
CUST3443,13296.2,1,4,13296.2
CUST4401,13285.1,3,5,4428.366666666667
CUST4349,13261.449999999999,4,9,3315.3624999999997
CUST3547,13257.95,8,13,1657.24375
CUST2554,13247.4,4,8,3311.85
CUST5794,13243.8,2,7,6621.9
CUST1184,13240.75,3,10,4413.583333333333
CUST3399,13220.400000000001,4,10,3305.1000000000004
CUST6219,13210.400000000001,7,10,1887.2000000000003
CUST2598,13201.050000000001,6,10,2200.175
CUST6467,13196.0,1,5,13196.0
CUST7160,13196.0,1,4,13196.0
CUST2707,13194.0,3,6,4398.0
CUST4494,13192.7,3,8,4397.566666666667
CUST6721,13191.45,5,9,2638.29
CUST5003,13163.6,3,7,4387.866666666667
CUST3652,13139.25,3,6,4379.75
CUST7068,13122.9,4,8,3280.725
CUST7743,13099.6,5,11,2619.92
CUST6175,13095.400000000001,2,5,6547.700000000001
CUST2755,13093.6,2,7,6546.8
CUST4077,13093.2,3,7,4364.400000000001
CUST2012,13092.8,5,8,2618.56
CUST4634,13083.65,4,7,3270.9125
CUST6530,13054.45,6,12,2175.741666666667
CUST5203,13053.15,4,8,3263.2875
CUST2980,13045.3,2,5,6522.65
CUST5194,13044.400000000001,3,6,4348.133333333334
CUST5902,13010.25,2,5,6505.125
CUST6849,13009.7,5,11,2601.94
CUST6306,12992.650000000001,6,8,2165.441666666667
CUST1841,12975.15,3,5,4325.05
CUST4440,12970.2,5,11,2594.04
CUST3102,12970.15,2,5,6485.075
CUST1989,12951.15,4,9,3237.7875
CUST6538,12930.9,4,10,3232.725
CUST1413,12892.4,6,8,2148.733333333333
CUST2650,12874.6,3,6,4291.533333333334
CUST7147,12871.15,2,4,6435.575
CUST4226,12861.900000000001,3,9,4287.3
CUST2153,12845.5,3,5,4281.833333333333
CUST2586,12842.1,3,8,4280.7
CUST3378,12832.2,2,8,6416.1
CUST7010,12804.7,4,6,3201.175
CUST5863,12803.45,4,7,3200.8625
CUST7557,12794.0,3,7,4264.666666666667
CUST4129,12793.4,3,7,4264.466666666666
CUST6797,12785.2,3,5,4261.733333333334
CUST3517,12760.45,5,10,2552.09
CUST3034,12744.5,2,6,6372.25
CUST4609,12740.4,5,10,2548.08
CUST3778,12734.4,3,6,4244.8
CUST7872,12731.6,7,9,1818.8
CUST6641,12719.45,4,6,3179.8625
CUST7858,12713.5,4,7,3178.375
CUST5769,12702.45,4,8,3175.6125
CUST3594,12699.650000000001,4,6,3174.9125000000004
CUST5573,12693.7,6,12,2115.616666666667
CUST4005,12689.65,4,11,3172.4125
CUST3862,12684.6,2,6,6342.3
CUST3202,12676.75,4,9,3169.1875
CUST4546,12671.4,3,9,4223.8
CUST5375,12668.35,5,7,2533.67
CUST4534,12655.2,3,5,4218.400000000001
CUST2453,12645.300000000001,2,5,6322.650000000001
CUST4573,12642.25,3,9,4214.083333333333
CUST4734,12640.349999999999,2,5,6320.174999999999
CUST2499,12622.45,4,8,3155.6125
CUST1523,12604.3,3,6,4201.433333333333
CUST1757,12596.4,1,4,12596.4
CUST4091,12593.7,2,7,6296.85
CUST3782,12589.199999999999,4,12,3147.2999999999997
CUST7535,12575.3,3,5,4191.766666666666
CUST5940,12568.05,3,7,4189.349999999999
CUST4743,12558.2,4,7,3139.55
CUST2760,12503.5,4,7,3125.875
CUST3200,12499.349999999999,3,6,4166.45
CUST2943,12495.0,1,5,12495.0
CUST6713,12491.4,3,9,4163.8
CUST2744,12472.4,4,9,3118.1
CUST1393,12466.75,4,14,3116.6875
CUST7610,12458.55,6,7,2076.4249999999997
CUST3395,12444.5,2,6,6222.25
CUST2181,12430.650000000001,3,5,4143.55
CUST7830,12426.05,3,9,4142.016666666666
CUST1602,12416.5,4,9,3104.125
CUST2940,12397.150000000001,6,9,2066.191666666667
CUST4530,12394.2,2,6,6197.1
CUST5264,12394.1,3,6,4131.366666666667
CUST6969,12393.2,4,7,3098.3
CUST6572,12392.2,3,8,4130.733333333334
CUST7907,12384.7,2,6,6192.35
CUST4766,12371.05,5,10,2474.21
CUST2300,12353.5,4,7,3088.375
CUST3591,12350.25,5,10,2470.05
CUST5091,12334.2,2,6,6167.1
CUST5665,12323.3,5,7,2464.66
CUST5106,12306.45,3,9,4102.150000000001
CUST3491,12296.0,2,4,6148.0
CUST4368,12296.0,2,4,6148.0
CUST6343,12294.5,4,6,3073.625
CUST1278,12294.25,4,6,3073.5625
CUST7720,12286.8,6,9,2047.8
CUST5306,12282.3,5,8,2456.46
CUST4539,12282.25,5,14,2456.45
CUST4735,12281.4,5,10,2456.2799999999997
CUST5656,12273.5,4,7,3068.375
CUST3516,12270.300000000001,4,11,3067.5750000000003
CUST7256,12268.25,3,7,4089.4166666666665
CUST3354,12237.05,2,9,6118.525
CUST3549,12233.45,3,7,4077.816666666667
CUST5572,12233.400000000001,3,7,4077.8000000000006
CUST1453,12231.9,3,9,4077.2999999999997
CUST2635,12213.8,3,7,4071.2666666666664
CUST6692,12211.55,5,9,2442.31
CUST3097,12202.7,4,8,3050.675
CUST4166,12192.7,3,8,4064.2333333333336
CUST4500,12190.55,6,10,2031.7583333333332
CUST3228,12180.6,4,10,3045.15
CUST5464,12162.4,4,8,3040.6
CUST6385,12152.4,3,8,4050.7999999999997
CUST1882,12144.5,3,6,4048.1666666666665
CUST4399,12141.85,5,9,2428.37
CUST7596,12134.45,5,6,2426.8900000000003
CUST5247,12120.3,4,11,3030.075
CUST6297,12112.1,4,8,3028.025
CUST6868,12101.699999999999,6,9,2016.9499999999998
CUST2250,12096.0,2,4,6048.0
CUST7418,12095.2,3,5,4031.7333333333336
CUST7195,12094.5,3,6,4031.5
CUST7286,12094.2,2,6,6047.1
CUST6988,12070.8,4,10,3017.7
CUST7494,12062.7,5,8,2412.54
CUST5795,12041.349999999999,2,4,6020.674999999999
CUST6629,12033.45,6,7,2005.575
CUST5379,12000.15,2,5,6000.075
CUST5567,11995.0,3,5,3998.3333333333335
CUST7819,11993.4,2,7,5996.7
CUST2177,11985.75,4,10,2996.4375
CUST3380,11971.35,2,4,5985.675
CUST7860,11971.1,4,10,2992.775
CUST1929,11971.0,3,11,3990.3333333333335
CUST4194,11969.15,2,6,5984.575
CUST6158,11968.15,2,7,5984.075
CUST4221,11949.599999999999,3,6,3983.1999999999994
CUST7061,11940.55,4,5,2985.1375
CUST6412,11925.75,5,10,2385.15
CUST6478,11913.5,3,7,3971.1666666666665
CUST5304,11911.8,4,9,2977.95
CUST7781,11891.550000000001,2,4,5945.775000000001
CUST7873,11876.4,1,4,11876.4
CUST5719,11876.4,1,4,11876.4
CUST5833,11875.1,3,5,3958.366666666667
CUST6737,11874.6,2,6,5937.3
CUST1680,11874.599999999999,2,6,5937.299999999999
CUST2202,11872.6,2,8,5936.3
CUST4521,11870.25,1,5,11870.25
CUST6187,11870.25,4,11,2967.5625
CUST3954,11853.6,4,7,2963.4
CUST1787,11844.5,2,6,5922.25
CUST2782,11843.449999999999,4,12,2960.8624999999997
CUST6327,11834.2,2,6,5917.1
CUST3494,11817.5,4,8,2954.375
CUST1120,11805.6,3,5,3935.2000000000003
CUST1628,11793.0,2,8,5896.5
CUST4001,11785.699999999999,2,5,5892.849999999999
CUST3631,11783.5,4,7,2945.875
CUST7226,11774.2,3,7,3924.7333333333336
CUST2804,11772.65,4,8,2943.1625
CUST6254,11771.7,5,9,2354.34
CUST5140,11762.7,3,8,3920.9
CUST3616,11753.099999999999,3,8,3917.6999999999994
CUST4904,11746.1,2,4,5873.05
CUST5143,11733.65,3,7,3911.2166666666667
CUST2605,11726.1,4,10,2931.525
CUST7066,11718.050000000001,6,8,1953.0083333333334
CUST6495,11704.5,4,6,2926.125
CUST2193,11694.6,4,6,2923.65
CUST6444,11692.5,3,8,3897.5
CUST6307,11660.55,4,10,2915.1375
CUST2862,11641.75,2,9,5820.875
CUST2234,11629.9,5,11,2325.98
CUST3281,11606.65,3,9,3868.883333333333
CUST7574,11605.349999999999,3,5,3868.4499999999994
CUST4477,11604.9,2,6,5802.45
CUST3535,11594.45,3,6,3864.816666666667
CUST7480,11579.55,3,6,3859.85
CUST7893,11571.650000000001,6,9,1928.6083333333336
CUST1266,11570.3,6,11,1928.3833333333332
CUST1751,11553.8,4,7,2888.45
CUST6222,11548.599999999999,3,7,3849.533333333333
CUST4793,11546.0,4,10,2886.5
CUST5843,11538.85,5,7,2307.77
CUST7101,11525.95,5,10,2305.19
CUST1831,11524.7,5,6,2304.94
CUST5784,11514.599999999999,2,6,5757.299999999999
CUST3039,11499.6,4,6,2874.9
CUST3822,11484.75,3,6,3828.25
CUST1423,11479.2,4,6,2869.8
CUST5853,11475.1,3,5,3825.0333333333333
CUST2167,11469.95,4,11,2867.4875
CUST4216,11469.75,3,6,3823.25
CUST7957,11462.75,5,8,2292.55
CUST2491,11453.65,7,12,1636.2357142857143
CUST4618,11452.6,4,8,2863.15
CUST5908,11447.5,5,8,2289.5
CUST3718,11433.25,4,7,2858.3125
CUST5197,11423.7,3,7,3807.9
CUST2572,11422.7,3,8,3807.566666666667
CUST6718,11421.9,4,9,2855.475
CUST2908,11421.8,4,9,2855.45
CUST4443,11420.05,2,6,5710.025
CUST5094,11417.900000000001,4,13,2854.4750000000004
CUST3140,11416.949999999999,4,9,2854.2374999999997
CUST4576,11414.55,4,6,2853.6375
CUST6965,11394.2,3,6,3798.066666666667
CUST5083,11392.4,2,9,5696.2
CUST3277,11379.150000000001,4,6,2844.7875000000004
CUST2660,11373.3,4,7,2843.325
CUST6633,11366.7,2,4,5683.35
CUST2173,11365.699999999999,3,5,3788.566666666666
CUST4402,11364.3,3,6,3788.1
CUST4463,11357.9,6,8,1892.9833333333333
CUST2262,11343.3,4,7,2835.825
CUST1200,11343.25,2,7,5671.625
CUST6791,11337.45,5,8,2267.4900000000002
CUST3756,11334.300000000001,3,6,3778.1000000000004
CUST6924,11332.599999999999,6,8,1888.7666666666664
CUST1967,11326.4,4,10,2831.6
CUST5824,11320.15,4,10,2830.0375
CUST1376,11313.45,3,8,3771.15
CUST1661,11311.8,5,9,2262.3599999999997
CUST7014,11298.650000000001,4,7,2824.6625000000004
CUST4549,11293.0,3,7,3764.3333333333335
CUST3222,11292.55,3,8,3764.183333333333
CUST5715,11288.650000000001,4,7,2822.1625000000004
CUST7656,11274.4,3,6,3758.133333333333
CUST7937,11270.15,2,5,5635.075
CUST6421,11260.949999999999,5,10,2252.1899999999996
CUST5953,11252.949999999999,6,13,1875.4916666666666
CUST6844,11249.85,2,6,5624.925
CUST4938,11245.5,1,5,11245.5
CUST2130,11245.3,3,5,3748.433333333333
CUST6351,11244.1,3,6,3748.0333333333333
CUST3685,11243.7,4,7,2810.925
CUST5650,11229.7,6,11,1871.6166666666668
CUST4200,11224.050000000001,4,7,2806.0125000000003
CUST3650,11218.8,4,7,2804.7
CUST2821,11216.6,1,4,11216.6
CUST5645,11213.85,4,7,2803.4625
CUST4062,11207.449999999999,5,8,2241.49
CUST3372,11194.7,3,6,3731.566666666667
CUST2047,11193.0,2,8,5596.5
CUST6903,11173.35,4,7,2793.3375
CUST4909,11163.0,3,8,3721.0
CUST3081,11160.6,4,10,2790.15
CUST4079,11153.2,4,7,2788.3
CUST5346,11152.05,4,9,2788.0125
CUST6564,11146.3,2,4,5573.15
CUST6795,11143.55,4,7,2785.8875
CUST1374,11117.4,3,8,3705.7999999999997
CUST5710,11112.5,4,8,2778.125
CUST2096,11104.95,3,11,3701.65
CUST5405,11096.2,3,4,3698.7333333333336
CUST6466,11094.15,2,6,5547.075
CUST5208,11093.0,4,7,2773.25
CUST7182,11066.05,2,4,5533.025
CUST3619,11064.6,2,6,5532.3
CUST1851,11049.55,3,6,3683.183333333333
CUST2097,11044.25,2,6,5522.125
CUST7853,11032.6,5,8,2206.52
CUST4774,11030.55,3,5,3676.85
CUST2759,11017.65,5,8,2203.5299999999997
CUST4802,11013.65,3,7,3671.2166666666667
CUST3318,11010.5,4,11,2752.625
CUST3435,11010.449999999999,3,5,3670.1499999999996
CUST6556,10999.95,3,6,3666.65
CUST5870,10994.75,2,6,5497.375
CUST5604,10994.5,2,6,5497.25
CUST7222,10977.45,3,8,3659.15
CUST4738,10973.8,3,7,3657.933333333333
CUST1950,10964.45,3,6,3654.816666666667
CUST6081,10963.3,3,7,3654.433333333333
CUST1009,10954.8,3,6,3651.6
CUST6436,10954.7,3,6,3651.566666666667
CUST1576,10943.25,5,7,2188.65
CUST6962,10940.699999999999,3,10,3646.8999999999996
CUST6288,10934.2,3,6,3644.7333333333336
CUST4660,10919.05,3,6,3639.683333333333
CUST7524,10914.8,3,6,3638.2666666666664
CUST3026,10905.3,2,5,5452.65
CUST6601,10898.85,4,7,2724.7125
CUST5970,10895.400000000001,3,5,3631.8000000000006
CUST1911,10895.1,3,5,3631.7000000000003
CUST2206,10894.05,2,6,5447.025
CUST4063,10893.0,3,7,3631.0
CUST1362,10891.9,5,9,2178.38
CUST7616,10889.2,5,12,2177.84
CUST2164,10885.900000000001,2,5,5442.950000000001
CUST2602,10884.5,4,6,2721.125
CUST2704,10883.95,3,7,3627.9833333333336
CUST4826,10875.35,4,5,2718.8375
CUST3482,10874.199999999999,3,6,3624.733333333333
CUST4003,10869.15,2,6,5434.575
CUST6480,10863.9,3,7,3621.2999999999997
CUST7716,10826.199999999999,2,4,5413.099999999999
CUST5360,10821.3,2,4,5410.65
CUST4639,10813.75,4,7,2703.4375
CUST4984,10806.95,4,9,2701.7375
CUST6781,10796.1,2,4,5398.05
CUST2857,10795.2,2,5,5397.6
CUST7190,10794.6,2,6,5397.3
CUST7525,10794.2,2,6,5397.1
CUST6111,10792.8,3,8,3597.6
CUST6723,10788.5,5,7,2157.7
CUST1620,10773.4,4,12,2693.35
CUST1021,10772.7,4,8,2693.175
CUST6689,10766.3,2,4,5383.15
CUST4060,10764.9,4,6,2691.225
CUST1867,10751.7,2,9,5375.85
CUST3128,10745.2,3,5,3581.7333333333336
CUST4610,10718.75,4,7,2679.6875
CUST5128,10715.1,2,6,5357.55
CUST7714,10712.7,5,8,2142.54
CUST5974,10701.400000000001,4,9,2675.3500000000004
CUST5509,10696.2,2,4,5348.1
CUST5180,10695.15,2,5,5347.575
CUST3108,10673.6,4,7,2668.4
CUST2889,10668.25,3,8,3556.0833333333335
CUST2165,10632.3,3,8,3544.1
CUST6860,10619.5,3,6,3539.8333333333335
CUST6871,10614.6,3,6,3538.2000000000003
CUST5023,10603.699999999999,4,7,2650.9249999999997
CUST2959,10603.4,4,7,2650.85
CUST4418,10594.3,2,7,5297.15
CUST5417,10593.8,4,7,2648.45
CUST4821,10591.8,3,9,3530.6
CUST4315,10591.05,6,10,1765.175
CUST1971,10583.35,5,7,2116.67
CUST2682,10563.9,3,7,3521.2999999999997
CUST6174,10562.1,5,9,2112.42
CUST5144,10553.3,3,7,3517.7666666666664
CUST1838,10550.55,2,5,5275.275
CUST3848,10544.2,4,6,2636.05
CUST7414,10533.2,3,7,3511.066666666667
CUST6487,10530.05,3,5,3510.0166666666664
CUST3500,10521.45,2,4,5260.725
CUST3125,10518.55,4,7,2629.6375
CUST2489,10497.0,1,3,10497.0
CUST3941,10497.0,1,3,10497.0
CUST3393,10497.0,1,3,10497.0
CUST4684,10494.95,6,11,1749.1583333333335
CUST6287,10494.5,2,6,5247.25
CUST5841,10493.800000000001,4,7,2623.4500000000003
CUST2022,10476.55,3,10,3492.183333333333
CUST1739,10461.55,6,9,1743.5916666666665
CUST2699,10450.75,2,5,5225.375
CUST6417,10445.25,1,5,10445.25
CUST4370,10443.85,4,7,2610.9625
CUST7545,10443.6,4,7,2610.9
CUST2239,10441.4,6,9,1740.2333333333333
CUST6631,10439.9,7,11,1491.4142857142856
CUST7934,10414.6,3,6,3471.5333333333333
CUST1119,10413.6,4,7,2603.4
CUST2340,10411.35,4,9,2602.8375
CUST1511,10396.3,2,4,5198.15
CUST6046,10394.05,3,6,3464.683333333333
CUST2156,10394.0,3,6,3464.6666666666665
CUST4593,10394.0,4,6,2598.5
CUST7935,10391.4,4,9,2597.85
CUST5560,10388.05,5,8,2077.6099999999997
CUST3101,10376.849999999999,6,9,1729.4749999999997
CUST7246,10373.15,3,7,3457.7166666666667
CUST7069,10372.8,3,8,3457.6
CUST6560,10351.199999999999,2,4,5175.599999999999
CUST4245,10346.4,2,4,5173.2
CUST1114,10345.3,2,5,5172.65
CUST2122,10343.699999999999,2,7,5171.849999999999
CUST2518,10324.65,6,11,1720.7749999999999
CUST1406,10321.15,2,4,5160.575
CUST2406,10317.85,5,8,2063.57
CUST1964,10316.3,3,4,3438.7666666666664
CUST1322,10316.2,3,4,3438.7333333333336
CUST2326,10297.6,4,8,2574.4
CUST1112,10294.45,3,6,3431.4833333333336
CUST4251,10293.6,2,7,5146.8
CUST6627,10293.5,3,7,3431.1666666666665
CUST2569,10292.55,2,8,5146.275
CUST2467,10287.349999999999,5,8,2057.47
CUST2672,10282.45,3,9,3427.4833333333336
CUST4208,10270.35,4,5,2567.5875
CUST5790,10269.55,3,6,3423.183333333333
CUST4093,10260.35,2,5,5130.175
CUST4622,10253.7,3,7,3417.9
CUST3843,10243.349999999999,5,7,2048.6699999999996
CUST6308,10242.3,4,8,2560.575
CUST4688,10236.949999999999,3,9,3412.316666666666
CUST5418,10230.449999999999,2,5,5115.224999999999
CUST7815,10229.05,3,7,3409.683333333333
CUST2571,10220.45,3,5,3406.816666666667
CUST3919,10218.2,3,7,3406.066666666667
CUST2054,10204.6,3,6,3401.5333333333333
CUST4805,10204.5,3,6,3401.5
CUST3041,10203.3,3,7,3401.1
CUST5160,10201.65,5,9,2040.33
CUST3725,10199.6,3,6,3399.866666666667
CUST7445,10196.5,4,9,2549.125
CUST5297,10193.2,2,8,5096.6
CUST3648,10192.75,3,8,3397.5833333333335
CUST5748,10192.699999999999,5,8,2038.5399999999997
CUST4643,10182.6,6,8,1697.1000000000001
CUST3429,10179.35,3,6,3393.116666666667
CUST1547,10178.25,3,7,3392.75
CUST5320,10177.35,5,8,2035.47
CUST4607,10170.6,4,10,2542.65
CUST6604,10165.5,3,5,3388.5
CUST2901,10163.7,3,7,3387.9
CUST3611,10158.75,3,7,3386.25
CUST3640,10158.7,6,7,1693.1166666666668
CUST2946,10155.300000000001,2,5,5077.650000000001
CUST1928,10137.15,4,8,2534.2875
CUST7322,10125.15,3,5,3375.0499999999997
CUST3176,10110.75,2,5,5055.375
CUST2143,10107.55,4,8,2526.8875
CUST5714,10097.15,5,9,2019.4299999999998
CUST5676,10095.9,2,5,5047.95
CUST7432,10095.650000000001,5,11,2019.1300000000003
CUST3346,10095.6,5,5,2019.1200000000001
CUST2309,10095.0,2,5,5047.5
CUST4019,10093.0,2,7,5046.5
CUST5922,10091.5,3,9,3363.8333333333335
CUST1516,10091.25,2,4,5045.625
CUST2140,10089.75,3,6,3363.25
CUST7724,10083.85,3,7,3361.2833333333333
CUST7044,10082.0,6,9,1680.3333333333333
CUST4235,10081.25,3,4,3360.4166666666665
CUST4232,10079.95,3,6,3359.9833333333336
CUST6251,10074.85,4,11,2518.7125
CUST4342,10066.15,3,4,3355.383333333333
CUST5791,10064.05,3,6,3354.683333333333
CUST3518,10053.599999999999,3,7,3351.1999999999994
CUST6164,10050.400000000001,4,11,2512.6000000000004
CUST3465,10044.5,4,6,2511.125
CUST4228,10044.5,3,6,3348.1666666666665
CUST4496,10042.5,4,8,2510.625
CUST1076,10041.8,3,9,3347.2666666666664
CUST2404,10024.9,3,6,3341.633333333333
CUST4301,10017.25,3,8,3339.0833333333335
CUST5466,10015.4,3,5,3338.4666666666667
CUST1053,10015.25,4,5,2503.8125
CUST2513,10008.6,4,7,2502.15
CUST1029,10002.95,4,8,2500.7375
CUST6141,9995.0,1,5,9995.0
CUST2587,9994.0,3,6,3331.3333333333335
CUST1304,9993.3,4,7,2498.325
CUST7911,9979.35,3,6,3326.4500000000003
CUST7717,9974.400000000001,2,6,4987.200000000001
CUST2690,9972.15,1,3,9972.15
CUST3717,9970.25,2,5,4985.125
CUST2938,9959.25,3,6,3319.75
CUST1263,9946.7,5,14,1989.3400000000001
CUST3486,9945.25,3,5,3315.0833333333335
CUST5835,9942.7,3,8,3314.2333333333336
CUST6558,9939.55,5,6,1987.9099999999999
CUST5069,9922.9,3,8,3307.633333333333
CUST4450,9898.35,4,7,2474.5875
CUST1433,9897.0,1,3,9897.0
CUST6208,9896.7,2,4,4948.35
CUST6693,9896.4,2,4,4948.2
CUST2884,9896.2,2,4,4948.1
CUST4505,9895.5,2,5,4947.75
CUST6043,9894.1,2,6,4947.05
CUST3842,9893.7,3,7,3297.9
CUST7676,9888.5,3,7,3296.1666666666665
CUST7140,9874.7,2,6,4937.35
CUST3720,9854.4,4,6,2463.6
CUST3664,9844.349999999999,4,6,2461.0874999999996
CUST3284,9844.3,3,7,3281.433333333333
CUST6814,9843.5,3,7,3281.1666666666665
CUST3163,9843.3,4,7,2460.825
CUST3057,9842.5,4,8,2460.625
CUST1925,9842.5,4,8,2460.625
CUST1227,9835.349999999999,3,5,3278.4499999999994
CUST3150,9815.0,2,6,4907.5
CUST5976,9811.4,4,9,2452.85
CUST3728,9804.55,3,6,3268.183333333333
CUST4744,9803.7,3,7,3267.9
CUST6933,9803.55,2,7,4901.775
CUST7508,9800.45,6,11,1633.4083333333335
CUST1135,9794.5,2,6,4897.25
CUST6738,9793.55,5,7,1958.7099999999998
CUST7559,9793.2,2,7,4896.6
CUST7146,9793.15,4,7,2448.2875
CUST3452,9793.0,2,7,4896.5
CUST3464,9792.6,3,8,3264.2000000000003
CUST6321,9786.05,5,10,1957.2099999999998
CUST6519,9784.300000000001,4,6,2446.0750000000003
CUST3972,9778.15,3,7,3259.383333333333
CUST6993,9776.5,2,4,4888.25
CUST3016,9775.3,3,5,3258.433333333333
CUST4612,9764.25,3,6,3254.75
CUST2683,9758.15,3,8,3252.7166666666667
CUST1034,9756.150000000001,4,4,2439.0375000000004
CUST2792,9745.3,2,5,4872.65
CUST3298,9733.4,4,7,2433.35
CUST6102,9732.8,4,8,2433.2
CUST4587,9722.45,4,8,2430.6125
CUST4425,9720.25,4,5,2430.0625
CUST4935,9714.6,2,6,4857.3
CUST3609,9714.3,2,6,4857.15
CUST4169,9713.95,3,7,3237.9833333333336
CUST3751,9713.0,3,8,3237.6666666666665
CUST4646,9704.45,3,6,3234.816666666667
CUST5082,9698.15,3,7,3232.7166666666667
CUST4445,9684.65,5,6,1936.9299999999998
CUST3750,9684.5,4,6,2421.125
CUST2339,9684.3,3,6,3228.1
CUST6954,9680.1,3,5,3226.7000000000003
CUST4144,9655.0,3,6,3218.3333333333335
CUST2160,9654.900000000001,2,6,4827.450000000001
CUST5502,9653.4,2,7,4826.7
CUST3259,9650.150000000001,4,5,2412.5375000000004
CUST2844,9649.9,3,11,3216.633333333333
CUST3437,9636.1,2,4,4818.05
CUST4750,9630.75,5,10,1926.15
CUST4203,9621.3,6,9,1603.55
CUST1632,9620.1,3,11,3206.7000000000003
CUST5101,9614.2,4,6,2403.55
CUST4874,9612.400000000001,3,8,3204.1333333333337
CUST4697,9611.4,5,9,1922.28
CUST5655,9604.400000000001,3,6,3201.466666666667
CUST4682,9603.199999999999,4,7,2400.7999999999997
CUST4550,9602.55,2,8,4801.275
CUST5967,9599.5,5,6,1919.9
CUST2126,9595.4,2,5,4797.7
CUST4112,9594.15,2,6,4797.075
CUST5276,9588.2,5,8,1917.64
CUST1271,9575.2,3,5,3191.7333333333336
CUST6002,9574.65,3,6,3191.5499999999997
CUST3408,9574.300000000001,3,6,3191.433333333334
CUST5903,9572.15,2,3,4786.075
CUST4215,9570.05,2,6,4785.025
CUST1226,9568.050000000001,4,8,2392.0125000000003
CUST2686,9558.65,4,7,2389.6625
CUST3123,9547.05,5,9,1909.4099999999999
CUST2976,9544.15,3,6,3181.383333333333
CUST4561,9542.65,3,8,3180.883333333333
CUST1484,9535.800000000001,2,5,4767.900000000001
CUST4068,9533.85,4,7,2383.4625
CUST4822,9531.3,5,9,1906.2599999999998
CUST1915,9529.5,4,6,2382.375
CUST7157,9524.5,3,6,3174.8333333333335
CUST6356,9520.3,7,10,1360.042857142857
CUST2794,9519.45,4,6,2379.8625
CUST2324,9513.6,3,7,3171.2000000000003
CUST5749,9508.75,5,7,1901.75
CUST2945,9508.65,3,7,3169.5499999999997
CUST6796,9508.45,4,7,2377.1125
CUST2201,9496.2,1,4,9496.2
CUST1805,9496.2,2,4,4748.1
CUST6714,9496.2,1,4,9496.2
CUST4119,9494.1,4,6,2373.525
CUST6900,9484.1,4,7,2371.025
CUST7527,9482.5,5,8,1896.5
CUST3785,9480.9,6,10,1580.1499999999999
CUST3243,9476.35,4,9,2369.0875
CUST6075,9474.85,4,6,2368.7125
CUST6884,9460.6,5,10,1892.1200000000001
CUST7271,9459.35,5,6,1891.8700000000001
CUST5491,9456.75,6,9,1576.125
CUST1579,9452.8,3,8,3150.933333333333
CUST3217,9447.3,1,3,9447.3
CUST5643,9447.3,1,3,9447.3
CUST1497,9444.85,2,6,4722.425
CUST7495,9442.2,3,9,3147.4
CUST2806,9441.1,6,10,1573.5166666666667
CUST4819,9435.35,4,5,2358.8375
CUST2972,9432.25,2,3,4716.125
CUST1884,9417.15,2,8,4708.575
CUST2354,9412.3,4,8,2353.075
CUST1403,9402.15,1,3,9402.15
CUST4142,9400.6,3,5,3133.5333333333333
CUST2912,9395.4,2,5,4697.7
CUST2548,9394.0,2,6,4697.0
CUST6870,9393.050000000001,3,8,3131.016666666667
CUST6418,9392.5,5,8,1878.5
CUST2257,9391.3,5,9,1878.2599999999998
CUST5925,9375.5,3,5,3125.1666666666665
CUST5594,9372.05,2,3,4686.025
CUST5869,9366.75,3,9,3122.25
CUST5483,9363.15,3,7,3121.0499999999997
CUST3265,9361.5,6,10,1560.25
CUST7079,9351.9,4,9,2337.975
CUST1221,9345.75,1,5,9345.75
CUST4764,9334.5,4,6,2333.625
CUST7865,9333.800000000001,3,7,3111.266666666667
CUST3620,9333.0,4,8,2333.25
CUST2619,9323.55,4,7,2330.8875
CUST7331,9321.6,3,9,3107.2000000000003
CUST3940,9321.3,4,10,2330.325
CUST6117,9309.05,3,7,3103.0166666666664
CUST3600,9305.7,2,5,4652.85
CUST1791,9304.300000000001,2,6,4652.150000000001
CUST2317,9296.0,3,4,3098.6666666666665
CUST7572,9295.0,2,5,4647.5
CUST6516,9293.8,3,7,3097.933333333333
CUST7277,9293.3,3,7,3097.7666666666664
CUST5581,9285.400000000001,4,5,2321.3500000000004
CUST1820,9284.1,4,7,2321.025
CUST5327,9283.3,3,7,3094.433333333333
CUST1090,9282.85,6,8,1547.1416666666667
CUST1134,9273.55,4,7,2318.3875
CUST6679,9269.6,5,6,1853.92
CUST1832,9267.45,3,8,3089.15
CUST1872,9265.5,2,5,4632.75
CUST6582,9265.1,3,5,3088.366666666667
CUST4466,9263.7,3,7,3087.9
CUST3212,9263.4,5,7,1852.6799999999998
CUST2737,9254.5,4,6,2313.625
CUST6145,9253.8,3,7,3084.6
CUST4303,9248.75,4,7,2312.1875
CUST6439,9242.1,2,9,4621.05
CUST1096,9225.55,3,5,3075.183333333333
CUST5688,9223.5,3,7,3074.5
CUST1462,9220.6,4,5,2305.15
CUST3358,9214.5,4,6,2303.625
CUST4145,9209.45,3,6,3069.816666666667
CUST4971,9207.95,4,8,2301.9875
CUST2487,9200.55,2,5,4600.275
CUST6190,9195.4,2,5,4597.7
CUST7684,9195.300000000001,4,5,2298.8250000000003
CUST1035,9194.400000000001,4,6,2298.6000000000004
CUST2644,9194.15,2,6,4597.075
CUST6987,9193.5,5,7,1838.7
CUST6594,9190.75,4,5,2297.6875
CUST7549,9189.15,3,7,3063.0499999999997
CUST6780,9174.6,2,6,4587.3
CUST2994,9170.25,3,5,3056.75
CUST4808,9164.65,3,6,3054.883333333333
CUST3312,9160.65,3,5,3053.5499999999997
CUST5469,9152.25,4,8,2288.0625
CUST4912,9150.35,4,5,2287.5875
CUST7000,9148.5,3,7,3049.5
CUST5167,9145.45,2,5,4572.725
CUST2214,9145.1,2,5,4572.55
CUST5471,9143.9,2,7,4571.95
CUST1760,9138.35,4,7,2284.5875
CUST7864,9135.4,3,5,3045.133333333333
CUST2223,9132.0,4,9,2283.0
CUST7891,9122.7,4,8,2280.675
CUST2496,9122.35,4,8,2280.5875
CUST3525,9119.35,4,6,2279.8375
CUST2522,9113.4,3,7,3037.7999999999997
CUST5552,9105.4,4,5,2276.35
CUST7522,9099.35,6,6,1516.5583333333334
CUST3478,9097.050000000001,3,9,3032.3500000000004
CUST3182,9094.25,4,6,2273.5625
CUST1571,9092.4,4,8,2273.1
CUST3147,9085.65,3,5,3028.5499999999997
CUST6734,9085.65,2,5,4542.825
CUST3204,9085.3,3,5,3028.433333333333
CUST3061,9084.4,3,6,3028.133333333333
CUST5037,9076.4,2,4,4538.2
CUST1687,9074.2,3,6,3024.7333333333336
CUST6281,9071.95,4,9,2267.9875
CUST6377,9064.3,3,6,3021.433333333333
CUST5175,9053.85,4,7,2263.4625
CUST7890,9053.6,2,7,4526.8
CUST6408,9053.55,3,7,3017.85
CUST1741,9050.6,4,10,2262.65
CUST4878,9048.75,4,7,2262.1875
CUST2839,9046.5,2,4,4523.25
CUST5133,9031.8,5,9,1806.36
CUST4890,9022.0,4,9,2255.5
CUST5436,9004.35,4,6,2251.0875
CUST6366,9003.599999999999,4,7,2250.8999999999996
CUST7601,8996.4,1,4,8996.4
CUST4491,8996.4,1,4,8996.4
CUST4831,8996.4,1,4,8996.4
CUST4686,8996.0,3,4,2998.6666666666665
CUST5170,8996.0,2,4,4498.0
CUST1328,8995.5,1,5,8995.5
CUST6699,8995.3,2,5,4497.65
CUST7566,8994.6,2,6,4497.3
CUST1411,8994.35,5,12,1798.8700000000001
CUST3422,8993.5,3,7,2997.8333333333335
CUST2920,8992.0,3,8,2997.3333333333335
CUST5246,8986.75,4,9,2246.6875
CUST6909,8976.3,2,4,4488.15
CUST5641,8948.0,4,8,2237.0
CUST7711,8946.1,3,4,2982.0333333333333
CUST7421,8943.3,4,7,2235.825
CUST5768,8939.65,4,6,2234.9125
CUST2800,8933.55,3,7,2977.85
CUST4812,8930.05,3,5,2976.683333333333
CUST2914,8929.35,4,6,2232.3375
CUST4675,8926.5,6,10,1487.75
CUST2580,8922.45,1,3,8922.45
CUST7867,8922.45,1,3,8922.45
CUST4666,8920.35,2,5,4460.175
CUST2962,8919.65,4,6,2229.9125
CUST3398,8919.65,4,6,2229.9125
CUST1973,8919.15,3,6,2973.0499999999997
CUST2985,8913.65,3,7,2971.2166666666667
CUST4868,8907.3,1,3,8907.3
CUST1958,8907.3,1,3,8907.3
CUST5267,8907.3,1,3,8907.3
CUST5363,8905.5,2,5,4452.75
CUST1729,8905.05,2,6,4452.525
CUST2809,8904.599999999999,3,6,2968.1999999999994
CUST3980,8890.25,4,5,2222.5625
CUST4604,8883.6,5,7,1776.72
CUST4794,8883.5,6,7,1480.5833333333333
CUST4390,8873.65,4,7,2218.4125
CUST1233,8871.45,2,4,4435.725
CUST2778,8856.6,2,4,4428.3
CUST4511,8847.599999999999,4,8,2211.8999999999996
CUST2869,8846.5,2,4,4423.25
CUST2894,8844.3,3,6,2948.1
CUST2765,8842.65,2,8,4421.325
CUST6535,8835.4,3,5,2945.133333333333
CUST1638,8833.3,4,7,2208.325
CUST6873,8830.25,2,5,4415.125
CUST1061,8826.4,3,4,2942.133333333333
CUST5444,8817.75,2,8,4408.875
CUST1211,8816.6,2,4,4408.3
CUST5510,8805.35,3,5,2935.116666666667
CUST1264,8803.7,3,7,2934.566666666667
CUST6442,8802.35,4,8,2200.5875
CUST4285,8795.5,4,5,2198.875
CUST6055,8793.6,4,7,2198.4
CUST2092,8788.35,4,7,2197.0875
CUST5396,8775.7,2,5,4387.85
CUST1938,8773.0,4,8,2193.25
CUST5284,8769.25,4,6,2192.3125
CUST7091,8768.45,3,7,2922.816666666667
CUST4678,8765.1,4,5,2191.275
CUST1801,8756.4,3,4,2918.7999999999997
CUST1359,8755.2,2,5,4377.6
CUST7167,8754.5,3,6,2918.1666666666665
CUST7896,8731.45,2,9,4365.725
CUST4446,8730.15,3,5,2910.0499999999997
CUST3206,8725.5,4,5,2181.375
CUST2024,8724.45,3,6,2908.15
CUST1438,8722.45,4,8,2180.6125
CUST1615,8722.2,4,9,2180.55
CUST2614,8696.6,2,4,4348.3
CUST2286,8692.95,5,8,1738.5900000000001
CUST3416,8680.8,4,5,2170.2
CUST7788,8670.35,4,5,2167.5875
CUST4422,8666.25,2,4,4333.125
CUST2025,8664.9,2,6,4332.45
CUST1466,8655.4,3,5,2885.133333333333
CUST7329,8649.05,5,7,1729.81
CUST3589,8647.1,2,3,4323.55
CUST3079,8643.45,5,7,1728.69
CUST6414,8636.1,3,4,2878.7000000000003
CUST7393,8632.8,3,8,2877.6
CUST2062,8630.55,4,5,2157.6375
CUST7778,8625.9,4,5,2156.475
CUST5044,8623.15,3,7,2874.383333333333
CUST3851,8617.95,2,8,4308.975
CUST1156,8615.6,4,5,2153.9
CUST4893,8615.4,3,5,2871.7999999999997
CUST4420,8614.1,2,6,4307.05
CUST2099,8608.35,4,7,2152.0875
CUST6104,8597.0,2,3,4298.5
CUST2372,8597.0,2,3,4298.5
CUST6305,8595.599999999999,3,5,2865.1999999999994
CUST4895,8594.55,4,6,2148.6375
CUST1309,8593.6,3,7,2864.5333333333333
CUST4395,8587.4,5,8,1717.48
CUST4590,8584.7,2,6,4292.35
CUST3316,8577.1,2,3,4288.55
CUST6674,8575.6,2,5,4287.8
CUST2624,8567.7,3,8,2855.9
CUST6544,8560.3,3,5,2853.433333333333
CUST3330,8559.65,4,6,2139.9125
CUST7811,8559.25,4,6,2139.8125
CUST2483,8547.45,5,8,1709.4900000000002
CUST6801,8547.15,2,3,4273.575
CUST6820,8546.4,2,4,4273.2
CUST5199,8545.25,1,5,8545.25
CUST6944,8545.05,2,6,4272.525
CUST2848,8530.8,4,10,2132.7
CUST3590,8530.4,3,5,2843.4666666666667
CUST2472,8525.8,3,5,2841.933333333333
CUST1378,8524.5,4,6,2131.125
CUST4800,8517.25,2,3,4258.625
CUST5480,8515.55,4,5,2128.8875
CUST3103,8503.25,5,7,1700.65
CUST1320,8496.6,1,4,8496.6
CUST3224,8496.0,2,4,4248.0
CUST1118,8495.75,1,5,8495.75
CUST6491,8495.75,1,5,8495.75
CUST3897,8494.3,4,6,2123.575
CUST1635,8489.5,3,6,2829.8333333333335
CUST5783,8486.1,2,4,4243.05
CUST3965,8485.3,2,5,4242.65
CUST3256,8484.1,3,6,2828.0333333333333
CUST6729,8483.0,4,8,2120.75
CUST1460,8480.2,4,5,2120.05
CUST4837,8475.9,3,10,2825.2999999999997
CUST7798,8473.95,4,7,2118.4875
CUST7658,8471.25,2,4,4235.625
CUST3122,8469.699999999999,3,6,2823.233333333333
CUST3614,8455.5,2,5,4227.75
CUST2987,8454.8,2,6,4227.4
CUST7923,8448.35,3,7,2816.116666666667
CUST7786,8447.75,6,8,1407.9583333333333
CUST1157,8447.1,2,3,4223.55
CUST5259,8444.599999999999,5,6,1688.9199999999996
CUST5498,8443.9,4,7,2110.975
CUST5988,8433.6,3,7,2811.2000000000003
CUST3221,8426.35,3,4,2808.7833333333333
CUST5008,8424.8,4,6,2106.2
CUST7364,8423.6,3,7,2807.866666666667
CUST7708,8421.3,4,4,2105.325
CUST4797,8415.0,2,6,4207.5
CUST1848,8414.900000000001,4,6,2103.7250000000004
CUST3004,8412.45,1,3,8412.45
CUST5009,8412.45,1,3,8412.45
CUST2904,8400.35,3,5,2800.116666666667
CUST3993,8397.6,1,3,8397.6
CUST5331,8396.3,2,4,4198.15
CUST1720,8395.8,2,5,4197.9
CUST7145,8395.3,2,5,4197.65
CUST4377,8395.2,2,5,4197.6
CUST6896,8395.2,2,5,4197.6
CUST6550,8394.349999999999,3,6,2798.1166666666663
CUST7248,8392.0,3,8,2797.3333333333335
CUST6561,8389.5,4,6,2097.375
CUST1224,8387.55,6,8,1397.925
CUST5621,8376.2,2,4,4188.1
CUST1952,8370.800000000001,5,10,1674.1600000000003
CUST7075,8365.5,2,5,4182.75
CUST6260,8365.2,4,5,2091.3
CUST2603,8364.15,2,6,4182.075
CUST7354,8363.1,3,7,2787.7000000000003
CUST3174,8357.15,2,3,4178.575
CUST1991,8356.2,2,4,4178.1
CUST6003,8355.4,4,5,2088.85
CUST1565,8345.1,3,5,2781.7000000000003
CUST3218,8330.6,3,11,2776.866666666667
CUST6115,8325.5,3,5,2775.1666666666665
CUST7223,8324.6,4,6,2081.15
CUST3459,8321.35,2,4,4160.675
CUST2790,8321.1,4,10,2080.275
CUST6031,8316.6,2,4,4158.3
CUST7404,8309.55,3,6,2769.85
CUST3557,8299.55,4,6,2074.8875
CUST2415,8297.2,2,3,4148.6
CUST1499,8297.15,2,3,4148.575
CUST1367,8296.25,4,9,2074.0625
CUST3321,8295.0,2,5,4147.5
CUST5372,8289.1,4,6,2072.275
CUST3874,8288.75,4,7,2072.1875
CUST7677,8284.2,4,7,2071.05
CUST1584,8279.75,4,6,2069.9375
CUST5161,8275.5,3,5,2758.5
CUST4506,8264.7,4,6,2066.175
CUST5164,8255.4,2,5,4127.7
CUST7339,8254.45,4,6,2063.6125
CUST2242,8251.35,4,4,2062.8375
CUST6035,8250.5,3,5,2750.1666666666665
CUST6894,8246.4,3,4,2748.7999999999997
CUST5574,8246.3,2,4,4123.15
CUST5934,8244.5,2,6,4122.25
CUST2424,8242.6,4,8,2060.65
CUST1330,8238.75,5,7,1647.75
CUST4755,8235.800000000001,2,5,4117.900000000001
CUST4896,8233.1,3,8,2744.366666666667
CUST4730,8225.75,3,5,2741.9166666666665
CUST4202,8224.8,3,6,2741.6
CUST6832,8217.1,2,3,4108.55
CUST4914,8205.5,4,5,2051.375
CUST1593,8205.3,3,5,2735.1
CUST4906,8200.35,2,5,4100.175
CUST5883,8196.45,5,9,1639.2900000000002
CUST7063,8195.5,3,5,2731.8333333333335
CUST4495,8194.1,2,6,4097.05
CUST6128,8192.0,4,8,2048.0
CUST2507,8189.4,3,6,2729.7999999999997
CUST6700,8186.299999999999,3,4,2728.7666666666664
CUST2797,8184.35,5,6,1636.8700000000001
CUST7259,8177.549999999999,3,8,2725.85
CUST3137,8176.299999999999,3,4,2725.433333333333
CUST3064,8172.6,3,9,2724.2000000000003
CUST6549,8172.3,3,3,2724.1
CUST5113,8171.35,2,4,4085.675
CUST7994,8166.200000000001,2,4,4083.1000000000004
CUST2418,8165.25,3,5,2721.75
CUST1986,8163.4,4,7,2040.85
CUST5991,8159.85,4,6,2039.9625
CUST7321,8159.450000000001,4,6,2039.8625000000002
CUST7098,8152.7,4,8,2038.175
CUST1984,8149.75,3,6,2716.5833333333335
CUST3391,8149.55,4,6,2037.3875
CUST4923,8135.1,3,5,2711.7000000000003
CUST1326,8120.25,3,5,2706.75
CUST1026,8116.1,2,4,4058.05
CUST4258,8109.450000000001,5,6,1621.89
CUST2577,8102.700000000001,4,8,2025.6750000000002
CUST4876,8096.4,3,4,2698.7999999999997
CUST5493,8096.0,3,4,2698.6666666666665
CUST2028,8095.5,3,5,2698.5
CUST7827,8095.5,1,5,8095.5
CUST4087,8095.5,1,5,8095.5
CUST6204,8095.5,2,5,4047.75
CUST5473,8094.0,2,6,4047.0
CUST1319,8093.7,5,7,1618.74
CUST4841,8093.5,3,7,2697.8333333333335
CUST2758,8092.5,4,8,2023.125
CUST3807,8086.45,2,4,4043.225
CUST4601,8081.05,4,10,2020.2625
CUST3472,8070.25,3,5,2690.0833333333335
CUST7249,8066.3,2,4,4033.15
CUST1879,8064.700000000001,3,6,2688.2333333333336
CUST6810,8064.5,3,6,2688.1666666666665
CUST2933,8064.150000000001,3,6,2688.05
CUST5955,8059.5,3,6,2686.5
CUST3402,8056.3,2,4,4028.15
CUST2667,8056.15,2,4,4028.075
CUST4851,8051.55,4,9,2012.8875
CUST6799,8050.55,3,5,2683.516666666667
CUST7883,8046.35,3,4,2682.116666666667
CUST4076,8045.5,3,5,2681.8333333333335
CUST4346,8043.849999999999,3,7,2681.2833333333333
CUST6939,8034.5,4,6,2008.625
CUST6423,8034.5,4,6,2008.625
CUST1509,8033.4,5,7,1606.6799999999998
CUST1038,8020.65,3,5,2673.5499999999997
CUST1559,8018.1,5,7,1603.6200000000001
CUST6581,8007.3,4,9,2001.825
CUST1199,8006.3,3,4,2668.766666666667
CUST4155,8005.85,2,5,4002.925
CUST4057,8003.900000000001,4,7,2000.9750000000001
CUST6505,8003.2,4,7,2000.8
CUST1955,7996.8,1,4,7996.8
CUST5116,7996.8,1,4,7996.8
CUST6169,7996.0,1,5,7996.0
CUST7694,7995.599999999999,2,5,3997.7999999999997
CUST4147,7995.5,3,5,2665.1666666666665
CUST5422,7995.0,2,6,3997.5
CUST5558,7995.0,1,5,7995.0
CUST3962,7995.0,1,5,7995.0
CUST6613,7983.75,4,7,1995.9375
CUST2149,7982.55,4,8,1995.6375
CUST4964,7980.5,3,5,2660.1666666666665
CUST3987,7978.2,5,8,1595.6399999999999
CUST3780,7976.599999999999,2,4,3988.2999999999997
CUST2360,7969.7,4,6,1992.425
CUST3607,7966.200000000001,3,4,2655.4
CUST5905,7964.35,3,6,2654.7833333333333
CUST1197,7960.349999999999,4,5,1990.0874999999999
CUST2136,7959.45,4,6,1989.8625
CUST1125,7958.75,3,7,2652.9166666666665
CUST2996,7955.6,3,5,2651.866666666667
CUST6209,7954.3,3,6,2651.4333333333334
CUST6118,7953.35,4,7,1988.3375
CUST7415,7951.6,4,9,1987.9
CUST3996,7947.1,2,3,3973.55
CUST1043,7947.05,2,3,3973.525
CUST1315,7946.1,2,4,3973.05
CUST5563,7945.3,3,5,2648.4333333333334
CUST6703,7943.65,5,7,1588.73
CUST4777,7942.25,3,3,2647.4166666666665
CUST5886,7924.55,4,6,1981.1375
CUST2330,7922.200000000001,5,9,1584.44
CUST2693,7921.25,3,4,2640.4166666666665
CUST3473,7917.6,1,3,7917.6
CUST7649,7917.6,1,3,7917.6
CUST2425,7917.6,1,3,7917.6
CUST7763,7916.4,1,4,7916.4
CUST7180,7916.4,1,4,7916.4
CUST6899,7916.4,1,4,7916.4
CUST2009,7916.299999999999,2,4,3958.1499999999996
CUST2488,7915.4,3,5,2638.4666666666667
CUST1781,7913.35,4,7,1978.3375
CUST1480,7899.9,2,6,3949.95
CUST2503,7898.4,5,7,1579.6799999999998
CUST2749,7894.4,3,6,2631.4666666666667
CUST3246,7884.3,4,6,1971.075
CUST2445,7876.450000000001,3,4,2625.4833333333336
CUST3261,7876.4,3,4,2625.4666666666667
CUST6931,7876.25,3,4,2625.4166666666665
CUST5587,7874.8,2,6,3937.4
CUST5513,7873.3,4,7,1968.325
CUST5399,7865.15,2,5,3932.575
CUST1292,7864.5,4,6,1966.125
CUST5557,7856.1,2,4,3928.05
CUST6151,7854.700000000001,3,6,2618.2333333333336
CUST6010,7851.85,5,9,1570.3700000000001
CUST7787,7850.450000000001,3,5,2616.816666666667
CUST2080,7846.3,2,4,3923.15
CUST4173,7846.1,2,4,3923.05
CUST1902,7845.900000000001,4,5,1961.4750000000001
CUST1765,7843.400000000001,5,7,1568.68
CUST2655,7834.700000000001,2,6,3917.3500000000004
CUST6828,7831.5,5,9,1566.3
CUST2849,7829.5,5,6,1565.9
CUST5287,7826.4,2,4,3913.2
CUST2965,7825.5,3,5,2608.5
CUST5028,7825.400000000001,3,5,2608.4666666666667
CUST7174,7824.700000000001,4,6,1956.1750000000002
CUST4832,7822.05,3,3,2607.35
CUST6698,7810.650000000001,2,5,3905.3250000000003
CUST2612,7804.9,4,6,1951.225
CUST3857,7796.6,2,4,3898.3
CUST1267,7796.5,2,4,3898.25
CUST3350,7795.4,2,5,3897.7
CUST1435,7794.2,2,6,3897.1
CUST3054,7792.5,3,8,2597.5
CUST6384,7787.150000000001,2,3,3893.5750000000003
CUST4152,7786.200000000001,2,4,3893.1000000000004
CUST1794,7786.200000000001,2,4,3893.1000000000004
CUST6402,7784.799999999999,3,6,2594.933333333333
CUST6353,7784.299999999999,3,6,2594.7666666666664
CUST6773,7782.45,4,8,1945.6125
CUST2833,7780.7,3,5,2593.5666666666666
CUST5277,7778.25,4,7,1944.5625
CUST6011,7775.7,3,5,2591.9
CUST5098,7775.299999999999,3,5,2591.7666666666664
CUST3373,7770.950000000001,2,5,3885.4750000000004
CUST2860,7764.75,3,6,2588.25
CUST1448,7755.4,3,5,2585.133333333333
CUST6907,7754.900000000001,4,6,1938.7250000000001
CUST5539,7749.5,4,6,1937.375
CUST2903,7745.3,2,5,3872.65
CUST4396,7743.45,3,7,2581.15
CUST4411,7742.85,3,8,2580.9500000000003
CUST2251,7738.900000000001,4,7,1934.7250000000001
CUST1018,7737.6,6,8,1289.6000000000001
CUST4389,7736.400000000001,2,4,3868.2000000000003
CUST1788,7735.4,3,5,2578.4666666666667
CUST1552,7731.3,3,4,2577.1
CUST4473,7725.35,3,5,2575.116666666667
CUST7067,7724.650000000001,4,6,1931.1625000000001
CUST7065,7722.6,4,8,1930.65
CUST5198,7722.599999999999,4,8,1930.6499999999999
CUST3552,7721.450000000001,3,4,2573.816666666667
CUST4379,7719.25,2,6,3859.625
CUST6625,7714.8,3,6,2571.6
CUST7797,7707.200000000001,2,3,3853.6000000000004
CUST4107,7705.549999999999,2,5,3852.7749999999996
CUST2832,7704.55,4,6,1926.1375
CUST7143,7701.700000000001,3,4,2567.2333333333336
CUST4611,7699.75,5,6,1539.95
CUST6716,7698.1,7,8,1099.7285714285715
CUST4364,7697.7,2,8,3848.85
CUST2735,7697.0,2,3,3848.5
CUST7205,7676.5,3,4,2558.8333333333335
CUST4343,7675.4,2,5,3837.7
CUST6659,7675.2,2,5,3837.6
CUST3248,7670.05,4,6,1917.5125
CUST4870,7664.5,3,6,2554.8333333333335
CUST5726,7661.25,2,4,3830.625
CUST1272,7654.7,3,6,2551.5666666666666
CUST6509,7653.55,5,7,1530.71
CUST3499,7650.4,4,5,1912.6
CUST2016,7646.45,4,4,1911.6125
CUST7866,7646.3,2,4,3823.15
CUST7928,7646.299999999999,3,4,2548.7666666666664
CUST6337,7645.55,5,10,1529.1100000000001
CUST3858,7645.5,2,5,3822.75
CUST2066,7643.700000000001,2,7,3821.8500000000004
CUST1542,7625.3,3,5,2541.766666666667
CUST7991,7622.7,5,8,1524.54
CUST2750,7621.25,3,4,2540.4166666666665
CUST2558,7617.200000000001,2,3,3808.6000000000004
CUST6861,7616.25,2,4,3808.125
CUST2871,7615.6,3,5,2538.5333333333333
CUST2387,7615.35,4,5,1903.8375
CUST1515,7614.0,5,7,1522.8
CUST2910,7613.6,2,7,3806.8
CUST7908,7610.3,3,5,2536.766666666667
CUST6688,7597.2,2,3,3798.6
CUST7427,7596.4,2,4,3798.2
CUST1583,7596.2,1,4,7596.2
CUST2116,7595.25,1,5,7595.25
CUST7123,7595.25,1,5,7595.25
CUST6274,7595.0,2,5,3797.5
CUST1317,7594.3,3,6,2531.4333333333334
CUST5711,7594.299999999999,3,6,2531.433333333333
CUST6882,7594.2,2,6,3797.1
CUST3647,7590.349999999999,3,5,2530.1166666666663
CUST5820,7584.549999999999,5,6,1516.9099999999999
CUST6745,7583.900000000001,3,7,2527.9666666666667
CUST1861,7578.049999999999,3,8,2526.0166666666664
CUST1417,7575.6,3,5,2525.2000000000003
CUST7290,7569.95,3,6,2523.3166666666666
CUST4306,7569.45,4,6,1892.3625
CUST3898,7565.700000000001,3,5,2521.9
CUST3687,7556.4,2,4,3778.2
CUST5286,7555.4,3,5,2518.4666666666667
CUST3776,7555.2,4,5,1888.8
CUST1099,7554.6,3,6,2518.2000000000003
CUST4329,7554.599999999999,3,6,2518.2
CUST2783,7554.599999999999,3,6,2518.2
CUST2822,7546.3,2,4,3773.15
CUST1349,7536.4,2,4,3768.2
CUST6694,7533.9,4,7,1883.475
CUST7450,7533.8,5,7,1506.76
CUST7706,7532.25,2,3,3766.125
CUST7859,7529.549999999999,5,6,1505.9099999999999
CUST1900,7525.650000000001,2,5,3762.8250000000003
CUST5997,7524.3,2,6,3762.15
CUST2471,7521.55,4,9,1880.3875
CUST7095,7521.25,3,4,2507.0833333333335
CUST5511,7519.35,2,6,3759.675
CUST3242,7509.6,5,6,1501.92
CUST6676,7506.35,3,4,2502.116666666667
CUST3420,7500.25,4,5,1875.0625
CUST6413,7499.35,3,6,2499.7833333333333
CUST7361,7497.0,1,3,7497.0
CUST7429,7497.0,1,3,7497.0
CUST1870,7495.4,3,5,2498.4666666666667
CUST7956,7495.0,2,6,3747.5
CUST2011,7495.0,1,5,7495.0
CUST2212,7494.0,2,6,3747.0
CUST2748,7488.55,5,7,1497.71
CUST5494,7483.449999999999,4,7,1870.8624999999997
CUST4269,7481.35,3,4,2493.7833333333333
CUST1568,7467.6,3,8,2489.2000000000003
CUST3138,7465.5,3,5,2488.5
CUST6712,7465.5,3,5,2488.5
CUST5615,7448.65,3,7,2482.883333333333
CUST3250,7446.3,2,4,3723.15
CUST3752,7446.25,3,4,2482.0833333333335
CUST1755,7445.15,3,5,2481.7166666666667
CUST7347,7441.549999999999,3,4,2480.5166666666664
CUST3757,7440.450000000001,3,5,2480.15
CUST4441,7439.650000000001,4,6,1859.9125000000001
CUST7619,7438.95,3,7,2479.65
CUST3431,7432.8,3,8,2477.6
CUST3444,7419.65,3,6,2473.2166666666667
CUST2642,7411.55,3,4,2470.516666666667
CUST4949,7410.6,5,5,1482.1200000000001
CUST4182,7407.4,2,3,3703.7
CUST6825,7403.799999999999,4,7,1850.9499999999998
CUST4179,7403.3,5,7,1480.66
CUST3180,7401.35,3,4,2467.116666666667
CUST7646,7397.2,2,3,3698.6
CUST7653,7396.299999999999,2,4,3698.1499999999996
CUST7231,7396.2,3,4,2465.4
CUST2700,7394.0,3,6,2464.6666666666665
CUST3476,7389.15,2,6,3694.575
CUST7296,7370.65,4,5,1842.6625
CUST8000,7369.45,2,6,3684.725
CUST2145,7369.05,2,6,3684.525
CUST7008,7356.75,2,4,3678.375
CUST1603,7353.8,3,7,2451.266666666667
CUST3795,7353.299999999999,4,7,1838.3249999999998
CUST5100,7345.35,4,5,1836.3375
CUST1982,7344.1,4,7,1836.025
CUST5723,7342.7,3,8,2447.5666666666666
CUST7820,7337.95,4,8,1834.4875
CUST2008,7334.8,4,6,1833.7
CUST5537,7334.700000000001,3,6,2444.9
CUST3540,7330.9,5,10,1466.1799999999998
CUST1618,7325.5,4,5,1831.375
CUST4330,7315.349999999999,3,5,2438.45
CUST5807,7314.550000000001,3,6,2438.183333333334
CUST7221,7306.6,2,4,3653.3
CUST7962,7302.35,3,3,2434.116666666667
CUST6137,7301.15,3,4,2433.7166666666667
CUST1718,7296.0,2,4,3648.0
CUST5520,7295.599999999999,3,5,2431.8666666666663
CUST2168,7294.2,2,6,3647.1
CUST2623,7292.7,3,8,2430.9
CUST2870,7292.2,4,8,1823.05
CUST4405,7288.6,5,7,1457.72
CUST4763,7286.25,3,4,2428.75
CUST4733,7284.7,2,6,3642.35
CUST5330,7283.200000000001,3,7,2427.7333333333336
CUST5182,7282.65,7,8,1040.3785714285714
CUST3065,7280.349999999999,4,5,1820.0874999999999
CUST5978,7279.599999999999,3,6,2426.5333333333333
CUST4640,7275.45,3,5,2425.15
CUST7704,7274.5,3,6,2424.8333333333335
CUST7613,7268.5,4,7,1817.125
CUST4679,7265.400000000001,3,5,2421.8
CUST2287,7265.2,4,5,1816.3
CUST4644,7263.65,4,7,1815.9125
CUST6678,7257.75,6,8,1209.625
CUST1212,7255.8,2,5,3627.9
CUST3630,7252.75,4,8,1813.1875
CUST4712,7246.5,3,4,2415.5
CUST4961,7245.5,3,5,2415.1666666666665
CUST5176,7245.299999999999,2,5,3622.6499999999996
CUST1551,7244.3,3,6,2414.766666666667
CUST1768,7244.299999999999,4,6,1811.0749999999998
CUST7664,7243.75,2,7,3621.875
CUST6520,7243.65,2,7,3621.825
CUST2729,7237.3,2,3,3618.65
CUST3840,7234.35,3,6,2411.4500000000003
CUST5500,7231.05,2,4,3615.525
CUST3952,7226.5,2,4,3613.25
CUST6630,7218.7,5,7,1443.74
CUST5924,7217.4,2,3,3608.7
CUST6536,7215.900000000001,3,5,2405.3
CUST2866,7213.25,4,7,1803.3125
CUST1540,7211.45,5,9,1442.29
CUST1488,7209.450000000001,4,6,1802.3625000000002
CUST2469,7209.45,2,6,3604.725
CUST1594,7207.65,5,8,1441.53
CUST4958,7196.4,1,4,7196.4
CUST1649,7196.4,2,4,3598.2
CUST4056,7196.4,1,4,7196.4
CUST6742,7196.4,1,4,7196.4
CUST4770,7196.4,3,4,2398.7999999999997
CUST5391,7196.4,2,4,3598.2
CUST4888,7196.4,1,4,7196.4
CUST2421,7196.4,1,4,7196.4
CUST5663,7196.4,1,4,7196.4
CUST2018,7196.2,2,4,3598.1
CUST7529,7196.0,1,4,7196.0
CUST5124,7196.0,1,4,7196.0
CUST4911,7196.0,1,4,7196.0
CUST4775,7194.3,4,6,1798.575
CUST7555,7194.2,3,6,2398.0666666666666
CUST5635,7193.9,3,7,2397.9666666666667
CUST5077,7185.45,2,5,3592.725
CUST7544,7185.299999999999,2,5,3592.6499999999996
CUST6100,7181.450000000001,4,4,1795.3625000000002
CUST7489,7180.35,4,5,1795.0875
CUST5255,7172.55,3,8,2390.85
CUST7666,7172.25,2,3,3586.125
CUST7568,7167.05,2,3,3583.525
CUST1901,7166.1,2,4,3583.05
CUST5582,7164.3,3,6,2388.1
CUST4668,7158.8,4,7,1789.7
CUST7386,7154.4,3,6,2384.7999999999997
CUST7211,7153.8,3,7,2384.6
CUST5662,7153.7,4,7,1788.425
CUST7056,7152.3,4,8,1788.075
CUST1162,7137.1,2,3,3568.55
CUST4372,7135.2,2,5,3567.6
CUST4073,7122.15,1,3,7122.15
CUST3528,7122.15,1,3,7122.15
CUST6622,7122.15,1,3,7122.15
CUST7809,7121.200000000001,3,4,2373.7333333333336
CUST4435,7120.25,1,5,7120.25
CUST4719,7118.6,4,7,1779.65
CUST4635,7117.4,2,3,3558.7
CUST2052,7110.15,3,5,2370.0499999999997
CUST4254,7107.299999999999,2,3,3553.6499999999996
CUST4137,7106.35,2,4,3553.175
CUST6271,7106.35,2,4,3553.175
CUST5765,7105.6,3,5,2368.5333333333333
CUST6350,7105.5,3,5,2368.5
CUST1956,7099.35,6,6,1183.2250000000001
CUST5271,7095.200000000001,3,5,2365.066666666667
CUST7801,7093.849999999999,3,7,2364.6166666666663
CUST3592,7091.35,4,4,1772.8375
CUST7969,7084.55,3,6,2361.516666666667
CUST3612,7077.2,2,3,3538.6
CUST6603,7075.4,3,5,2358.4666666666667
CUST7776,7064.65,3,6,2354.883333333333
CUST7829,7063.349999999999,4,7,1765.8374999999999
CUST6829,7062.15,3,9,2354.0499999999997
CUST3748,7057.1,3,3,2352.366666666667
CUST7103,7056.15,2,4,3528.075
CUST2480,7055.2,3,5,2351.733333333333
CUST7855,7054.700000000001,3,6,2351.566666666667
CUST7970,7051.400000000001,4,4,1762.8500000000001
CUST3322,7049.05,3,6,2349.6833333333334
CUST6618,7043.3,3,7,2347.766666666667
CUST1727,7041.05,2,4,3520.525
CUST5201,7036.599999999999,2,4,3518.2999999999997
CUST5689,7036.299999999999,3,4,2345.433333333333
CUST4737,7034.1,2,6,3517.05
CUST7074,7030.7,3,5,2343.5666666666666
CUST3048,7030.55,4,5,1757.6375
CUST6579,7024.3,2,6,3512.15
CUST1420,7023.35,2,7,3511.675
CUST1176,7016.4,3,4,2338.7999999999997
CUST4512,7015.5,2,5,3507.75
CUST3827,7015.4,3,5,2338.4666666666667
CUST5250,7014.4,3,6,2338.133333333333
CUST4650,7004.15,2,6,3502.075
CUST5294,7001.15,3,4,2333.7166666666667
CUST1143,6998.0,1,2,6998.0
CUST3044,6998.0,1,2,6998.0
CUST4404,6998.0,1,2,6998.0
CUST7185,6998.0,1,2,6998.0
CUST1192,6998.0,1,2,6998.0
CUST6485,6997.0,2,3,3498.5
CUST2068,6996.0,2,4,3498.0
CUST6342,6995.7,4,5,1748.925
CUST3068,6995.4,3,5,2331.7999999999997
CUST4752,6993.6,4,7,1748.4
CUST6095,6992.7,3,8,2330.9
CUST6101,6985.4,4,5,1746.35
CUST3144,6984.9,3,6,2328.2999999999997
CUST1582,6982.7,3,8,2327.5666666666666
CUST6772,6980.4,4,5,1745.1
CUST1947,6976.5,4,4,1744.125
CUST5062,6975.6,3,5,2325.2000000000003
CUST5458,6974.4,2,6,3487.2
CUST4262,6973.2,4,7,1743.3
CUST4910,6967.1,2,3,3483.55
CUST1333,6966.6,2,4,3483.3
CUST2111,6966.1,3,4,2322.0333333333333
CUST4224,6955.4,2,5,3477.7
CUST7270,6955.4,2,5,3477.7
CUST5681,6953.5,3,7,2317.8333333333335
CUST6830,6952.849999999999,5,8,1390.57
CUST7513,6952.55,3,8,2317.516666666667
CUST4727,6951.25,3,4,2317.0833333333335
CUST1681,6945.75,3,5,2315.25
CUST7817,6944.7,3,6,2314.9
CUST7366,6940.049999999999,2,6,3470.0249999999996
CUST4669,6936.349999999999,4,4,1734.0874999999999
CUST7344,6935.55,4,5,1733.8875
CUST3426,6934.9,2,6,3467.45
CUST7045,6934.75,3,6,2311.5833333333335
CUST1858,6934.7,3,6,2311.5666666666666
CUST4663,6931.05,3,4,2310.35
CUST3430,6926.5,3,4,2308.8333333333335
CUST2319,6925.449999999999,3,5,2308.483333333333
CUST7189,6916.2,3,4,2305.4
CUST3306,6913.75,4,7,1728.4375
CUST1744,6909.35,4,6,1727.3375
CUST4833,6906.299999999999,3,4,2302.1
CUST5225,6904.35,4,6,1726.0875
CUST5666,6897.5,2,3,3448.75
CUST6957,6896.3,2,4,3448.15
CUST3695,6896.15,3,4,2298.7166666666667
CUST3519,6896.1,2,4,3448.05
CUST6732,6895.2,2,5,3447.6
CUST1370,6895.0,3,5,2298.3333333333335
CUST1458,6892.9,3,8,2297.633333333333
CUST6973,6891.75,2,9,3445.875
CUST6577,6889.35,5,6,1377.8700000000001
CUST5467,6884.299999999999,3,6,2294.7666666666664
CUST1688,6879.049999999999,2,7,3439.5249999999996
CUST5359,6875.7,3,5,2291.9
CUST7565,6874.55,4,6,1718.6375
CUST1655,6871.25,3,4,2290.4166666666665
CUST4113,6871.05,2,4,3435.525
CUST1382,6864.0,4,7,1716.0
CUST6215,6860.25,3,5,2286.75
CUST2906,6855.4,2,5,3427.7
CUST4789,6852.2,3,3,2284.0666666666666
CUST4751,6852.2,3,3,2284.0666666666666
CUST1896,6851.900000000001,3,9,2283.9666666666667
CUST3823,6846.35,3,4,2282.116666666667
CUST5525,6846.3,2,4,3423.15
CUST6092,6844.65,4,6,1711.1625
CUST7611,6844.1,2,6,3422.05
CUST5842,6838.55,4,7,1709.6375
CUST7049,6836.6,2,4,3418.3
CUST6133,6836.4,2,4,3418.2
CUST3278,6836.2,2,4,3418.1
CUST6078,6836.2,1,4,6836.2
CUST5429,6835.25,2,5,3417.625
CUST2019,6833.7,3,7,2277.9
CUST7498,6830.1,3,11,2276.7000000000003
CUST1766,6816.3,2,4,3408.15
CUST7387,6815.700000000001,3,5,2271.9
CUST2123,6815.5,3,5,2271.8333333333335
CUST5617,6815.2,3,5,2271.733333333333
CUST1377,6812.9,3,8,2270.9666666666667
CUST1948,6812.1,3,9,2270.7000000000003
CUST6614,6806.7,2,4,3403.35
CUST4151,6806.25,2,4,3403.125
CUST3779,6803.4,3,7,2267.7999999999997
CUST2144,6802.75,3,8,2267.5833333333335
CUST6956,6802.55,2,3,3401.275
CUST5920,6801.1,3,4,2267.0333333333333
CUST5755,6796.6,1,4,6796.6
CUST5822,6796.4,2,4,3398.2
CUST5583,6796.0,2,4,3398.0
CUST7194,6795.75,1,5,6795.75
CUST7005,6794.6,4,11,1698.65
CUST2154,6794.3,4,6,1698.575
CUST3282,6794.0,2,6,3397.0
CUST3211,6787.35,3,3,2262.4500000000003
CUST1881,6785.299999999999,3,5,2261.7666666666664
CUST3930,6773.5,6,7,1128.9166666666667
CUST5343,6772.25,2,3,3386.125
CUST5954,6771.85,4,10,1692.9625
CUST2854,6762.15,3,3,2254.0499999999997
CUST7875,6756.4,3,4,2252.133333333333
CUST3971,6749.8,2,6,3374.9
CUST1607,6747.3,1,3,6747.3
CUST6253,6747.3,2,3,3373.65
CUST5649,6747.3,1,3,6747.3
CUST1357,6747.3,1,3,6747.3
CUST1840,6747.3,1,3,6747.3
CUST6468,6747.3,1,3,6747.3
CUST1412,6747.3,1,3,6747.3
CUST4391,6747.3,1,3,6747.3
CUST5024,6747.3,2,3,3373.65
CUST6482,6747.299999999999,2,3,3373.6499999999996
CUST7372,6745.5,1,5,6745.5
CUST6249,6745.5,1,5,6745.5
CUST1933,6745.5,1,5,6745.5
CUST7642,6745.3,4,5,1686.325
CUST5653,6744.45,3,6,2248.15
CUST3001,6740.6,3,5,2246.866666666667
CUST1395,6740.25,2,5,3370.125
CUST5014,6738.35,2,7,3369.175
CUST5952,6736.45,4,4,1684.1125
CUST1506,6735.6,4,5,1683.9
CUST2101,6735.3,3,5,2245.1
CUST2142,6735.25,3,5,2245.0833333333335
CUST4291,6734.65,3,6,2244.883333333333
CUST2801,6732.299999999999,4,8,1683.0749999999998
CUST5916,6726.450000000001,2,4,3363.2250000000004
CUST3568,6723.6,3,7,2241.2000000000003
CUST5505,6717.1,3,3,2239.0333333333333
CUST6925,6713.45,5,7,1342.69
CUST6069,6712.6,2,8,3356.3
CUST2152,6710.75,2,5,3355.375
CUST3506,6709.05,4,7,1677.2625
CUST3505,6707.05,2,3,3353.525
CUST1922,6706.45,4,4,1676.6125
CUST1248,6701.25,4,4,1675.3125
CUST6646,6699.0,4,7,1674.75
CUST6946,6697.3,2,3,3348.65
CUST3773,6697.25,2,3,3348.625
CUST2314,6695.5,4,5,1673.875
CUST4150,6688.75,5,7,1337.75
CUST4267,6681.3,3,4,2227.1
CUST5309,6680.45,4,5,1670.1125
CUST6094,6680.25,4,5,1670.0625
CUST2320,6675.4,4,5,1668.85
CUST5592,6671.450000000001,2,4,3335.7250000000004
CUST5226,6671.4,6,9,1111.8999999999999
CUST4037,6667.1,3,3,2222.366666666667
CUST2599,6661.45,3,4,2220.483333333333
CUST6616,6653.65,3,7,2217.883333333333
CUST5762,6648.1,1,2,6648.1
CUST6852,6648.1,1,2,6648.1
CUST2594,6648.1,1,2,6648.1
CUST6857,6648.1,1,2,6648.1
CUST4471,6648.1,1,2,6648.1
CUST7011,6648.1,1,2,6648.1
CUST3907,6645.25,2,5,3322.625
CUST6932,6644.3,2,6,3322.15
CUST2934,6640.5,2,10,3320.25
CUST5134,6638.35,3,7,2212.7833333333333
CUST6802,6636.299999999999,2,4,3318.1499999999996
CUST6245,6636.2,2,4,3318.1
CUST4347,6635.1,3,5,2211.7000000000003
CUST2063,6628.3,4,7,1657.075
CUST6658,6628.25,4,13,1657.0625
CUST1924,6626.55,3,4,2208.85
CUST7578,6625.4,3,5,2208.4666666666667
CUST7164,6620.299999999999,3,5,2206.7666666666664
CUST5935,6619.549999999999,3,6,2206.5166666666664
CUST3502,6618.450000000001,3,7,2206.15
CUST2157,6617.1,2,3,3308.55
CUST1622,6617.1,2,3,3308.55
CUST3694,6614.4,4,6,1653.6
CUST1236,6610.799999999999,3,5,2203.6
CUST2070,6598.0,1,2,6598.0
CUST1102,6598.0,1,2,6598.0
CUST4900,6598.0,1,2,6598.0
CUST3723,6598.0,1,2,6598.0
CUST1186,6597.0,1,3,6597.0
CUST2071,6597.0,1,3,6597.0
CUST3684,6597.0,1,3,6597.0
CUST7976,6597.0,1,3,6597.0
CUST5374,6597.0,1,3,6597.0
CUST7695,6596.2,4,4,1649.05
CUST3766,6595.299999999999,3,5,2198.433333333333
CUST5640,6586.5,2,4,3293.25
CUST3880,6585.450000000001,2,5,3292.7250000000004
CUST4354,6577.4,2,3,3288.7
CUST2103,6575.35,3,5,2191.7833333333333
CUST1888,6567.1,2,3,3283.55
CUST7133,6566.45,3,4,2188.8166666666666
CUST1447,6565.5,3,5,2188.5
CUST3070,6558.55,4,7,1639.6375
CUST4394,6555.15,3,5,2185.0499999999997
CUST6995,6552.150000000001,2,3,3276.0750000000003
CUST4131,6551.2,2,4,3275.6
CUST7886,6546.1,2,4,3273.05
CUST3105,6535.55,3,5,2178.516666666667
CUST4563,6533.4,3,7,2177.7999999999997
CUST3882,6531.5,3,4,2177.1666666666665
CUST6152,6526.15,3,4,2175.383333333333
CUST5366,6525.55,4,5,1631.3875
CUST7239,6525.3,2,5,3262.65
CUST1259,6524.5,3,6,2174.8333333333335
CUST3162,6521.299999999999,3,4,2173.7666666666664
CUST7773,6516.2,3,4,2172.0666666666666
CUST1876,6515.4,2,5,3257.7
CUST1517,6510.35,3,5,2170.116666666667
CUST1217,6509.85,3,6,2169.9500000000003
CUST1894,6508.65,4,7,1627.1625
CUST4351,6505.299999999999,3,5,2168.433333333333
CUST3563,6504.8,3,6,2168.266666666667
CUST6980,6497.0,2,3,3248.5
CUST5414,6496.0,3,4,2165.3333333333335
CUST4703,6495.45,2,5,3247.725
CUST6730,6495.0,1,5,6495.0
CUST1007,6494.2,2,6,3247.1
CUST6597,6494.0,3,6,2164.6666666666665
CUST1721,6477.299999999999,2,3,3238.6499999999996
CUST2285,6477.299999999999,2,3,3238.6499999999996
CUST3569,6476.45,3,4,2158.8166666666666
CUST1581,6476.4,1,4,6476.4
CUST1122,6476.4,1,4,6476.4
CUST3555,6476.4,1,4,6476.4
CUST5561,6476.4,1,4,6476.4
CUST3904,6476.4,1,4,6476.4
CUST6652,6467.65,4,8,1616.9125
CUST2107,6465.25,5,5,1293.05
CUST5707,6461.65,4,9,1615.4125
CUST3628,6458.799999999999,5,12,1291.7599999999998
CUST1685,6455.4,3,5,2151.7999999999997
CUST2410,6455.25,2,5,3227.625
CUST5219,6445.55,3,5,2148.516666666667
CUST5875,6445.35,2,5,3222.675
CUST7852,6444.55,3,6,2148.1833333333334
CUST2563,6444.05,2,6,3222.025
CUST3833,6443.65,5,7,1288.73
CUST3975,6436.1,3,4,2145.366666666667
CUST5385,6435.0,2,6,3217.5
CUST1273,6434.55,5,6,1286.91
CUST6182,6430.35,3,5,2143.4500000000003
CUST6877,6427.5,2,3,3213.75
CUST1652,6426.4,4,4,1606.6
CUST2818,6424.5,4,6,1606.125
CUST1213,6420.65,3,5,2140.2166666666667
CUST1555,6415.3,2,5,3207.65
CUST4761,6415.1,2,5,3207.55
CUST1126,6413.4,3,7,2137.7999999999997
CUST5013,6406.6,3,4,2135.5333333333333
CUST3826,6405.45,4,5,1601.3625
CUST4857,6401.75,3,4,2133.9166666666665
CUST7511,6401.35,4,4,1600.3375
CUST7238,6396.8,1,4,6396.8
CUST2941,6396.8,2,4,3198.4
CUST4970,6396.8,1,4,6396.8
CUST4624,6396.3,2,4,3198.15
CUST2174,6396.0,1,4,6396.0
CUST5027,6396.0,1,4,6396.0
CUST2361,6396.0,1,4,6396.0
CUST7197,6394.8,2,6,3197.4
CUST3850,6392.900000000001,4,8,1598.2250000000001
CUST1303,6392.25,2,3,3196.125
CUST5050,6392.25,3,3,2130.75
CUST1936,6392.0,3,8,2130.6666666666665
CUST3739,6386.1,2,4,3193.05
CUST1694,6385.5,2,5,3192.75
CUST1668,6385.1,3,5,2128.366666666667
CUST5815,6383.700000000001,4,7,1595.9250000000002
CUST7688,6380.25,5,5,1276.05
CUST3992,6376.5,3,4,2125.5
CUST7102,6376.15,3,4,2125.383333333333
CUST4046,6374.8,2,6,3187.4
CUST7876,6372.6,2,8,3186.3
CUST4725,6372.45,1,3,6372.45
CUST7307,6372.45,1,3,6372.45
CUST2357,6372.45,1,3,6372.45
CUST4199,6372.05,2,3,3186.025
CUST6322,6370.75,1,5,6370.75
CUST6768,6370.15,3,5,2123.383333333333
CUST5963,6365.7,3,5,2121.9
CUST1461,6365.4,3,5,2121.7999999999997
CUST1242,6365.4,4,5,1591.35
CUST3570,6354.45,3,6,2118.15
CUST2751,6350.549999999999,2,5,3175.2749999999996
CUST6125,6347.1,2,3,3173.55
CUST1807,6344.5,3,6,2114.8333333333335
CUST4417,6343.65,4,7,1585.9125
CUST6639,6341.4,3,4,2113.7999999999997
CUST4133,6335.700000000001,2,5,3167.8500000000004
CUST5958,6332.05,2,3,3166.025
CUST7446,6321.05,2,4,3160.525
CUST6179,6317.25,2,3,3158.625
CUST2247,6316.35,2,4,3158.175
CUST1472,6312.45,4,8,1578.1125
CUST5933,6311.5,3,4,2103.8333333333335
CUST4053,6307.3,2,3,3153.65
CUST5728,6298.2,1,2,6298.2
CUST2355,6298.2,1,2,6298.2
CUST2090,6298.2,1,2,6298.2
CUST3560,6298.2,1,2,6298.2
CUST6938,6298.2,1,2,6298.2
CUST2930,6297.2,2,3,3148.6
CUST1207,6296.400000000001,2,4,3148.2000000000003
CUST6441,6296.4,2,4,3148.2
CUST5339,6295.900000000001,2,5,3147.9500000000003
CUST3735,6295.549999999999,2,5,3147.7749999999996
CUST1025,6295.45,3,5,2098.483333333333
CUST7845,6295.4,2,5,3147.7
CUST1260,6295.3,2,5,3147.65
CUST2175,6286.2,4,4,1571.55
CUST3520,6282.6,4,8,1570.65
CUST1147,6281.55,4,4,1570.3875
CUST7328,6276.5,2,4,3138.25
CUST7381,6276.4,3,4,2092.133333333333
CUST1666,6276.1,3,4,2092.0333333333333
CUST4936,6268.1,1,2,6268.1
CUST1785,6268.1,1,2,6268.1
CUST6623,6268.1,1,2,6268.1
CUST3634,6267.15,1,3,6267.15
CUST3935,6267.15,1,3,6267.15
CUST7526,6267.15,1,3,6267.15
CUST1988,6266.200000000001,3,4,2088.7333333333336
CUST2460,6266.1,3,4,2088.7000000000003
CUST2885,6265.25,3,5,2088.4166666666665
CUST1245,6263.25,4,7,1565.8125
CUST7617,6260.3,4,5,1565.075
CUST6407,6256.15,3,4,2085.383333333333
CUST1256,6255.1,3,5,2085.0333333333333
CUST6194,6253.0,4,8,1563.25
CUST6060,6246.3,2,4,3123.15
CUST4835,6246.2,3,4,2082.0666666666666
CUST6975,6245.15,4,5,1561.2875
CUST6449,6243.75,3,7,2081.25
CUST5318,6242.25,3,3,2080.75
CUST2348,6236.2,2,4,3118.1
CUST4066,6235.2,3,5,2078.4
CUST2752,6220.35,2,5,3110.175
CUST6056,6220.25,3,5,2073.4166666666665
CUST2722,6218.55,2,7,3109.275
CUST5614,6218.45,2,7,3109.225
CUST6588,6216.650000000001,2,4,3108.3250000000003
CUST5705,6210.75,3,5,2070.25
CUST5887,6207.95,4,8,1551.9875
CUST4716,6206.400000000001,2,4,3103.2000000000003
CUST4462,6206.3,2,4,3103.15
CUST4916,6206.299999999999,2,4,3103.1499999999996
CUST4437,6205.5,3,5,2068.5
CUST2596,6203.599999999999,4,7,1550.8999999999999
CUST2559,6202.450000000001,2,3,3101.2250000000004
CUST6131,6197.2,3,3,2065.733333333333
CUST2815,6197.0,2,3,3098.5
CUST7749,6196.45,3,4,2065.483333333333
CUST1708,6196.0,2,4,3098.0
CUST7700,6195.15,3,5,2065.0499999999997
CUST3453,6186.45,2,4,3093.225
CUST1853,6182.200000000001,3,3,2060.7333333333336
CUST2104,6177.4,2,3,3088.7
CUST3166,6171.05,3,4,2057.016666666667
CUST6764,6170.25,2,5,3085.125
CUST1205,6170.25,1,5,6170.25
CUST3803,6167.1,2,3,3083.55
CUST5378,6165.1,3,5,2055.0333333333333
CUST7408,6161.25,4,4,1540.3125
CUST2665,6159.6,2,6,3079.8
CUST3454,6155.7,3,5,2051.9
CUST7467,6155.3,2,5,3077.65
CUST2276,6153.65,3,7,2051.2166666666667
CUST4121,6151.55,3,4,2050.516666666667
CUST4430,6150.25,3,5,2050.0833333333335
CUST1088,6145.25,3,5,2048.4166666666665
CUST7112,6144.85,4,6,1536.2125
CUST1578,6144.1,3,6,2048.0333333333333
CUST7413,6126.15,2,4,3063.075
CUST6148,6116.6,1,4,6116.6
CUST7285,6116.6,1,4,6116.6
CUST4198,6115.5,2,5,3057.75
CUST4387,6115.5,4,5,1528.875
CUST6816,6114.900000000001,2,6,3057.4500000000003
CUST1028,6114.6,3,6,2038.2
CUST1621,6112.8,3,8,2037.6000000000001
CUST5489,6107.25,2,3,3053.625
CUST4084,6102.15,2,3,3051.075
CUST4272,6100.65,3,5,2033.55
CUST4304,6097.2,2,3,3048.6
CUST4183,6097.0,3,3,2032.3333333333333
CUST4718,6071.450000000001,4,4,1517.8625000000002
CUST2895,6071.15,2,4,3035.575
CUST7503,6071.15,3,4,2023.7166666666665
CUST2773,6070.15,3,5,2023.3833333333332
CUST4713,6055.6,3,5,2018.5333333333335
CUST4596,6055.3,2,5,3027.65
CUST7906,6050.55,4,5,1512.6375
CUST4652,6046.3,3,4,2015.4333333333334
CUST5957,6044.400000000001,4,6,1511.1000000000001
CUST4776,6044.2,3,6,2014.7333333333333
CUST1979,6030.85,2,5,3015.425
CUST1596,6029.65,5,6,1205.9299999999998
CUST3090,6027.4,2,3,3013.7
CUST2534,6027.35,2,3,3013.675
CUST1031,6026.4,2,4,3013.2
CUST1742,6026.4,3,4,2008.8
CUST6554,6025.4,4,5,1506.35
CUST1650,6021.35,3,4,2007.1166666666668
CUST6892,6017.4,2,3,3008.7
CUST6311,6017.1,2,3,3008.55
CUST2191,6016.299999999999,3,4,2005.4333333333332
CUST7035,6016.1,2,4,3008.05
CUST1525,6015.25,3,5,2005.0833333333333
CUST4809,6013.2,3,7,2004.3999999999999
CUST3623,5997.6,1,3,5997.6
CUST5453,5997.6,1,3,5997.6
CUST7870,5997.6,1,3,5997.6
CUST5275,5997.0,1,3,5997.0
CUST1920,5997.0,1,3,5997.0
CUST1487,5997.0,1,3,5997.0
CUST5351,5997.0,1,3,5997.0
CUST3359,5997.0,1,3,5997.0
CUST4616,5997.0,1,3,5997.0
CUST7292,5997.0,1,3,5997.0
CUST2756,5996.0,1,5,5996.0
CUST3666,5996.0,1,4,5996.0
CUST2799,5996.0,1,4,5996.0
CUST1426,5996.0,1,4,5996.0
CUST4007,5995.0,2,5,2997.5
CUST5461,5985.6,3,5,1995.2
CUST7645,5976.4,3,4,1992.1333333333332
CUST2327,5976.3,3,4,1992.1000000000001
CUST7096,5974.55,5,6,1194.91
CUST6565,5969.45,4,6,1492.3625
CUST4064,5965.45,3,5,1988.4833333333333
CUST1824,5963.4,4,7,1490.85
CUST7665,5955.599999999999,2,5,2977.7999999999997
CUST5866,5953.6,5,7,1190.72
CUST1786,5953.6,3,7,1984.5333333333335
CUST3179,5952.4,3,9,1984.1333333333332
CUST2924,5948.85,5,7,1189.77
CUST5063,5948.3,1,2,5948.3
CUST5521,5948.3,1,2,5948.3
CUST7198,5948.3,1,2,5948.3
CUST5316,5948.3,1,2,5948.3
CUST4218,5945.2,3,5,1981.7333333333333
CUST4436,5943.75,5,7,1188.75
CUST3237,5938.2,1,2,5938.2
CUST7576,5938.2,1,2,5938.2
CUST5669,5938.2,1,2,5938.2
CUST6483,5938.2,1,2,5938.2
CUST3656,5938.2,1,2,5938.2
CUST6070,5938.2,1,2,5938.2
CUST4545,5938.2,1,2,5938.2
CUST4960,5938.2,1,2,5938.2
CUST4080,5938.2,1,2,5938.2
CUST2515,5938.2,1,2,5938.2
CUST5019,5938.2,1,2,5938.2
CUST2337,5937.3,1,3,5937.3
CUST6748,5937.299999999999,2,3,2968.6499999999996
CUST1366,5936.400000000001,2,4,2968.2000000000003
CUST2780,5936.4,2,4,2968.2
CUST1914,5936.2,2,4,2968.1
CUST3285,5935.2,2,5,2967.6
CUST7618,5934.900000000001,2,6,2967.4500000000003
CUST5987,5934.6,2,6,2967.3
CUST2861,5933.7,3,7,1977.8999999999999
CUST6329,5932.2,3,8,1977.3999999999999
CUST6440,5931.5,3,4,1977.1666666666667
CUST1327,5931.4,3,4,1977.1333333333332
CUST5079,5929.5,4,6,1482.375
CUST5708,5926.3,2,4,2963.15
CUST4143,5925.400000000001,3,5,1975.1333333333334
CUST2887,5922.25,2,3,2961.125
CUST6665,5922.25,2,3,2961.125
CUST4358,5918.65,5,7,1183.73
CUST5846,5917.2,3,3,1972.3999999999999
CUST6913,5915.6,4,5,1478.9
CUST1505,5913.3,4,7,1478.325
CUST4828,5910.450000000001,2,5,2955.2250000000004
CUST5071,5908.15,5,7,1181.6299999999999
CUST7064,5906.45,3,4,1968.8166666666666
CUST3287,5906.4,3,4,1968.8
CUST7258,5905.4,3,5,1968.4666666666665
CUST1365,5901.1,3,9,1967.0333333333335
CUST1310,5896.35,5,9,1179.27
CUST4954,5895.6,2,5,2947.8
CUST5889,5895.4,2,5,2947.7
CUST2210,5895.0,2,6,2947.5
CUST4025,5891.25,2,4,2945.625
CUST3638,5889.55,3,6,1963.1833333333334
CUST2295,5885.900000000001,3,5,1961.966666666667
CUST4989,5885.65,3,5,1961.8833333333332
CUST5495,5885.25,2,5,2942.625
CUST1524,5885.25,2,5,2942.625
CUST2882,5881.45,3,4,1960.4833333333333
CUST1601,5879.4,4,6,1469.85
CUST5732,5876.45,3,4,1958.8166666666666
CUST6687,5875.45,3,5,1958.4833333333333
CUST6966,5874.4,4,6,1468.6
CUST2779,5874.2,4,6,1468.55
CUST6383,5871.349999999999,2,4,2935.6749999999997
CUST7620,5866.5,2,4,2933.25
CUST4905,5866.25,3,4,1955.4166666666667
CUST5944,5855.3,4,5,1463.825
CUST7330,5847.3,2,3,2923.65
CUST1782,5847.1,3,3,1949.0333333333335
CUST2341,5846.450000000001,2,4,2923.2250000000004
CUST7623,5846.450000000001,2,4,2923.2250000000004
CUST3231,5845.5,2,5,2922.75
CUST2399,5845.5,1,5,5845.5
CUST4799,5845.5,1,5,5845.5
CUST5559,5845.5,1,5,5845.5
CUST1611,5845.5,1,5,5845.5
CUST6139,5844.3,3,6,1948.1000000000001
CUST3566,5838.35,3,7,1946.1166666666668
CUST5596,5825.1,2,5,2912.55
CUST6922,5823.5,4,7,1455.875
CUST7161,5822.05,2,3,2911.025
CUST6241,5817.2,2,3,2908.6
CUST2684,5815.4,2,5,2907.7
CUST6057,5812.5,4,8,1453.125
CUST6123,5811.25,3,4,1937.0833333333333
CUST6357,5809.45,4,6,1452.3625
CUST5340,5807.25,3,3,1935.75
CUST6332,5806.5,2,4,2903.25
CUST7729,5806.35,2,4,2903.175
CUST7825,5805.299999999999,2,5,2902.6499999999996
CUST4118,5804.25,4,6,1451.0625
CUST2589,5800.3,4,5,1450.075
CUST7219,5797.2,2,3,2898.6
CUST3730,5797.1,2,3,2898.55
CUST3375,5797.0,2,3,2898.5
CUST6303,5796.05,2,4,2898.025
CUST2213,5796.0,2,4,2898.0
CUST2277,5795.7,3,5,1931.8999999999999
CUST5874,5795.599999999999,4,5,1448.8999999999999
CUST7081,5792.0,3,8,1930.6666666666667
CUST3501,5790.5,4,5,1447.625
CUST1070,5790.45,4,5,1447.6125
CUST3269,5790.25,4,5,1447.5625
CUST7790,5790.25,3,5,1930.0833333333333
CUST1341,5785.6,4,5,1446.4
CUST6798,5785.45,2,5,2892.725
CUST5413,5776.6,2,4,2888.3
CUST1855,5776.5,3,4,1925.5
CUST4130,5775.2,4,5,1443.8
CUST3696,5774.9,2,6,2887.45
CUST3487,5772.35,2,3,2886.175
CUST6072,5757.2,2,3,2878.6
CUST4996,5756.8,1,4,5756.8
CUST7932,5756.4,3,4,1918.8
CUST2187,5756.4,1,4,5756.4
CUST2864,5755.5,2,5,2877.75
CUST5712,5755.5,3,5,1918.5
CUST7977,5753.2,4,7,1438.3
CUST5577,5751.35,2,4,2875.675
CUST5183,5742.3,3,3,1914.1000000000001
CUST6191,5737.200000000001,2,3,2868.6000000000004
CUST6372,5737.2,2,3,2868.6
CUST3572,5736.299999999999,2,4,2868.1499999999996
CUST4120,5736.2,3,4,1912.0666666666666
CUST6061,5736.15,2,4,2868.075
CUST4043,5735.55,3,5,1911.8500000000001
CUST1180,5732.05,2,3,2866.025
CUST1494,5731.45,3,4,1910.4833333333333
CUST4018,5725.700000000001,2,5,2862.8500000000004
CUST4159,5725.35,2,5,2862.675
CUST2923,5724.45,5,6,1144.8899999999999
CUST7318,5718.35,5,7,1143.67
CUST1508,5715.6,2,5,2857.8
CUST2535,5711.25,2,4,2855.625
CUST3913,5710.4,5,5,1142.08
CUST2023,5706.5,2,4,2853.25
CUST7796,5706.2,3,4,1902.0666666666666
CUST5763,5702.7,3,8,1900.8999999999999
CUST1066,5697.4,2,3,2848.7
CUST6248,5697.15,1,3,5697.15
CUST3303,5697.15,1,3,5697.15
CUST5055,5696.2,2,4,2848.1
CUST1945,5696.2,2,4,2848.1
CUST7472,5696.2,1,4,5696.2
CUST4661,5696.2,1,4,5696.2
CUST1223,5696.2,1,4,5696.2
CUST7144,5695.2,3,5,1898.3999999999999
CUST5460,5687.4,2,3,2843.7
CUST2958,5684.0,4,7,1421.0
CUST2233,5679.4,2,6,2839.7
CUST5750,5677.25,3,3,1892.4166666666667
CUST7346,5677.15,2,3,2838.575
CUST6612,5675.6,4,5,1418.9
CUST6620,5674.6,3,6,1891.5333333333335
CUST5781,5672.15,2,3,2836.075
CUST3235,5672.15,2,3,2836.075
CUST6282,5667.4,3,3,1889.1333333333332
CUST2346,5667.299999999999,3,3,1889.0999999999997
CUST3912,5666.4,4,4,1416.6
CUST4266,5666.1,2,4,2833.05
CUST6237,5665.65,2,5,2832.825
CUST5601,5664.35,4,6,1416.0875
CUST7352,5663.15,4,8,1415.7875
CUST4045,5656.45,3,4,1885.4833333333333
CUST7650,5655.9,3,5,1885.3
CUST2172,5655.4,3,5,1885.1333333333332
CUST3928,5653.1,3,7,1884.3666666666668
CUST2732,5650.65,2,5,2825.325
CUST5613,5650.65,2,5,2825.325
CUST1171,5649.55,4,6,1412.3875
CUST5114,5637.2,3,3,1879.0666666666666
CUST1770,5636.1,2,4,2818.05
CUST7517,5633.05,2,2,2816.525
CUST5867,5631.15,3,4,1877.05
CUST2474,5627.1,2,3,2813.55
CUST6559,5618.8,3,7,1872.9333333333334
CUST4100,5617.3,2,3,2808.65
CUST7785,5616.3,2,4,2808.15
CUST6420,5608.75,4,7,1402.1875
CUST4168,5608.3,1,2,5608.3
CUST4072,5608.3,1,2,5608.3
CUST4382,5608.3,1,2,5608.3
CUST5674,5606.6,2,4,2803.3
CUST6437,5597.6,2,3,2798.8
CUST2738,5597.0,2,3,2798.5
CUST6339,5597.0,2,3,2798.5
CUST7487,5596.2,3,4,1865.3999999999999
CUST4721,5595.700000000001,2,5,2797.8500000000004
CUST7808,5595.4,3,5,1865.1333333333332
CUST3915,5594.7,4,6,1398.675
CUST1364,5594.5,3,6,1864.8333333333333
CUST3693,5584.599999999999,3,6,1861.533333333333
CUST6065,5577.3,3,3,1859.1000000000001
CUST4945,5574.7,5,6,1114.94
CUST2261,5573.55,4,7,1393.3875
CUST3328,5572.2,3,3,1857.3999999999999
CUST2315,5572.15,2,3,2786.075
CUST4109,5571.55,3,4,1857.1833333333334
CUST7504,5571.35,4,4,1392.8375
CUST6707,5570.45,4,5,1392.6125
CUST4277,5567.05,2,3,2783.525
CUST2562,5566.25,3,4,1855.4166666666667
CUST3040,5562.35,3,3,1854.1166666666668
CUST1450,5559.8,4,6,1389.95
CUST5951,5556.3,2,4,2778.15
CUST1640,5551.250000000001,3,4,1850.416666666667
CUST1346,5550.6,3,5,1850.2
CUST3554,5546.3,2,4,2773.15
CUST6138,5546.25,2,4,2773.125
CUST3230,5545.4,2,5,2772.7
CUST2055,5537.1,2,3,2768.55
CUST1456,5535.45,4,5,1383.8625
CUST3958,5535.1,4,5,1383.775
CUST1063,5527.55,2,3,2763.775
CUST6670,5525.549999999999,3,5,1841.8499999999997
CUST6514,5524.35,3,6,1841.45
CUST4591,5522.05,3,3,1840.6833333333334
CUST2560,5521.85,4,9,1380.4625
CUST5605,5519.65,4,6,1379.9125
CUST2171,5516.5,3,4,1838.8333333333333
CUST7267,5515.2,3,5,1838.3999999999999
CUST7910,5507.15,2,3,2753.575
CUST7980,5507.15,2,3,2753.575
CUST6161,5506.200000000001,2,4,2753.1000000000004
CUST4554,5506.2,2,4,2753.1
CUST1699,5501.5,2,4,2750.75
CUST2244,5501.15,2,4,2750.575
CUST2808,5500.55,4,5,1375.1375
CUST2178,5499.4,3,6,1833.1333333333332
CUST7765,5497.2,2,3,2748.6
CUST1919,5497.0,3,3,1832.3333333333333
CUST4967,5496.5,2,4,2748.25
CUST1010,5496.2,3,4,1832.0666666666666
CUST3593,5496.2,3,4,1832.0666666666666
CUST6132,5495.05,2,5,2747.525
CUST2197,5494.3,5,6,1098.8600000000001
CUST2490,5493.65,3,7,1831.2166666666665
CUST3679,5486.65,3,4,1828.8833333333332
CUST6517,5485.8,3,5,1828.6000000000001
CUST4858,5485.5,3,5,1828.5
CUST4184,5476.2,2,4,2738.1
CUST1416,5476.15,2,4,2738.075
CUST4523,5475.599999999999,2,5,2737.7999999999997
CUST2810,5474.25,3,6,1824.75
CUST5104,5471.35,3,4,1823.7833333333335
CUST2441,5470.45,4,5,1367.6125
CUST5213,5467.200000000001,2,3,2733.6000000000004
CUST7701,5466.65,2,4,2733.325
CUST7468,5466.45,3,4,1822.1499999999999
CUST7034,5464.35,2,6,2732.175
CUST2426,5455.4,2,5,2727.7
CUST3663,5454.450000000001,2,6,2727.2250000000004
CUST2568,5449.05,3,6,1816.3500000000001
CUST3110,5447.35,2,3,2723.675
CUST3942,5447.25,2,3,2723.625
CUST6793,5446.5,2,4,2723.25
CUST1830,5445.299999999999,3,5,1815.0999999999997
CUST2701,5437.450000000001,2,3,2718.7250000000004
CUST2970,5436.6,1,4,5436.6
CUST1802,5436.6,2,4,2718.3
CUST5865,5436.6,1,4,5436.6
CUST3351,5436.1,3,4,1812.0333333333335
CUST2230,5429.55,4,6,1357.3875
CUST6753,5426.4,3,4,1808.8
CUST5523,5420.35,3,5,1806.7833333333335
CUST7471,5416.3,3,4,1805.4333333333334
CUST3714,5416.3,3,4,1805.4333333333334
CUST5647,5415.45,4,5,1353.8625
CUST7444,5415.4,3,5,1805.1333333333332
CUST5636,5415.1,2,5,2707.55
CUST5289,5412.45,3,3,1804.1499999999999
CUST6080,5405.7,3,5,1801.8999999999999
CUST1599,5405.5,3,5,1801.8333333333333
CUST2640,5405.35,3,5,1801.7833333333335
CUST7452,5397.3,2,3,2698.65
CUST1318,5397.3,1,3,5397.3
CUST6812,5397.3,1,3,5397.3
CUST5699,5397.3,1,3,5397.3
CUST4048,5397.299999999999,2,3,2698.6499999999996
CUST6790,5397.0,1,3,5397.0
CUST3936,5397.0,1,3,5397.0
CUST1355,5396.5,3,4,1798.8333333333333
CUST1384,5396.4,2,4,2698.2
CUST6313,5396.4,2,4,2698.2
CUST2414,5396.4,1,4,5396.4
CUST2449,5396.4,3,4,1798.8
CUST6845,5396.4,2,4,2698.2
CUST1942,5396.4,1,4,5396.4
CUST6521,5395.8,2,5,2697.9
CUST6555,5395.4,3,5,1798.4666666666665
CUST3339,5395.2,3,5,1798.3999999999999
CUST6986,5395.2,2,5,2697.6
CUST6390,5394.6,2,6,2697.3
CUST4481,5394.6,2,6,2697.3
CUST5873,5394.6,2,6,2697.3
CUST2601,5394.5,3,6,1798.1666666666667
CUST1714,5394.4,2,6,2697.2
CUST5522,5392.8,3,8,1797.6000000000001
CUST2524,5378.45,4,7,1344.6125
CUST1521,5375.349999999999,3,5,1791.783333333333
CUST3669,5374.35,3,6,1791.45
CUST2050,5372.3,3,3,1790.7666666666667
CUST1672,5365.650000000001,2,5,2682.8250000000003
CUST4136,5364.450000000001,4,6,1341.1125000000002
CUST3973,5362.35,2,3,2681.175
CUST1707,5360.65,2,5,2680.325
CUST1225,5357.4,2,3,2678.7
CUST5512,5357.1,2,3,2678.55
CUST6119,5355.700000000001,4,5,1338.9250000000002
CUST5624,5350.349999999999,2,5,2675.1749999999997
CUST6705,5348.75,4,7,1337.1875
CUST6369,5346.65,2,4,2673.325
CUST6430,5346.1,3,4,1782.0333333333335
CUST6042,5344.9,3,6,1781.6333333333332
CUST6724,5344.2,3,6,1781.3999999999999
CUST2465,5340.45,2,5,2670.225
CUST7262,5336.4,3,4,1778.8
CUST2059,5326.5,2,4,2663.25
CUST7997,5322.55,3,8,1774.1833333333334
CUST5506,5319.75,2,6,2659.875
CUST1302,5317.15,2,3,2658.575
CUST7428,5316.5,3,4,1772.1666666666667
CUST4016,5316.4,3,4,1772.1333333333332
CUST4803,5315.25,2,5,2657.625
CUST2094,5314.3,2,6,2657.15
CUST7406,5311.349999999999,2,4,2655.6749999999997
CUST4141,5311.25,3,4,1770.4166666666667
CUST4157,5307.299999999999,2,3,2653.6499999999996
CUST5754,5306.4,2,4,2653.2
CUST5326,5304.55,3,6,1768.1833333333334
CUST5919,5304.3,4,6,1326.075
CUST4331,5301.15,2,4,2650.575
CUST7915,5299.65,4,6,1324.9125
CUST1449,5298.1,2,2,2649.05
CUST7447,5298.1,2,2,2649.05
CUST5660,5295.15,2,5,2647.575
CUST1987,5291.549999999999,2,4,2645.7749999999996
CUST5109,5289.45,2,6,2644.725
CUST3002,5281.45,3,4,1760.4833333333333
CUST7640,5281.25,3,4,1760.4166666666667
CUST4176,5278.4,1,2,5278.4
CUST5704,5278.4,1,2,5278.4
CUST4892,5278.4,1,2,5278.4
CUST2521,5278.4,1,2,5278.4
CUST7854,5278.4,1,2,5278.4
CUST4439,5277.6,1,3,5277.6
CUST2393,5276.2,3,4,1758.7333333333333
CUST7291,5276.2,2,4,2638.1
CUST2922,5275.799999999999,2,5,2637.8999999999996
CUST6373,5275.3,3,5,1758.4333333333334
CUST6583,5274.7,3,6,1758.2333333333333
CUST1585,5265.6,3,5,1755.2
CUST6230,5261.549999999999,2,4,2630.7749999999996
CUST5796,5256.3,3,4,1752.1000000000001
CUST4598,5251.25,3,4,1750.4166666666667
CUST5370,5250.450000000001,2,5,2625.2250000000004
CUST2874,5247.15,2,3,2623.575
CUST6445,5247.1,2,3,2623.55
CUST6492,5246.1,2,4,2623.05
CUST6916,5244.3,2,6,2622.15
CUST6934,5232.45,2,3,2616.225
CUST4088,5224.6,4,6,1306.15
CUST3889,5217.4,2,3,2608.7
CUST2203,5217.3,2,3,2608.65
CUST1566,5217.2,2,3,2608.6
CUST1042,5217.1,2,3,2608.55
CUST5249,5206.15,2,4,2603.075
CUST2526,5205.65,4,5,1301.4125
CUST5305,5205.25,4,5,1301.3125
CUST4123,5198.3,3,7,1732.7666666666667
CUST4067,5197.75,3,8,1732.5833333333333
CUST6992,5197.65,3,8,1732.55
CUST3586,5197.2,2,3,2598.6
CUST6952,5196.0,1,4,5196.0
CUST3626,5196.0,1,4,5196.0
CUST1228,5195.7,3,5,1731.8999999999999
CUST6186,5194.8,2,6,2597.4
CUST4135,5193.5,2,7,2596.75
CUST3421,5186.55,3,4,1728.8500000000001
CUST3417,5181.6,2,4,2590.8
CUST1111,5177.349999999999,2,3,2588.6749999999997
CUST5449,5175.6,2,5,2587.8
CUST5914,5175.4,2,5,2587.7
CUST7917,5171.25,2,4,2585.625
CUST3370,5167.1,2,3,2583.55
CUST4749,5165.4,3,5,1721.8
CUST3152,5156.35,4,4,1289.0875
CUST3861,5155.2,3,5,1718.3999999999999
CUST2428,5155.2,2,5,2577.6
CUST7945,5154.4,3,6,1718.1333333333332
CUST4476,5152.35,3,3,1717.45
CUST3368,5147.2,2,3,2573.6
CUST4685,5146.5,2,4,2573.25
CUST4312,5146.4,2,4,2573.2
CUST1166,5146.3,2,4,2573.15
CUST4366,5146.3,2,4,2573.15
CUST3415,5145.299999999999,2,5,2572.6499999999996
CUST7905,5145.1,2,5,2572.55
CUST3470,5137.25,2,3,2568.625
CUST4647,5136.55,4,4,1284.1375
CUST6020,5136.299999999999,2,4,2568.1499999999996
CUST1424,5136.299999999999,2,4,2568.1499999999996
CUST6090,5136.15,2,4,2568.075
CUST7803,5127.35,2,3,2563.675
CUST3400,5127.299999999999,2,3,2563.6499999999996
CUST7940,5126.6,3,4,1708.8666666666668
CUST5818,5126.55,2,4,2563.275
CUST3999,5126.4,2,4,2563.2
CUST7072,5126.4,3,4,1708.8
CUST2087,5125.85,3,5,1708.6166666666668
CUST7669,5125.5,2,5,2562.75
CUST6277,5124.6,3,6,1708.2
CUST4981,5123.7,2,7,2561.85
CUST7273,5122.25,3,3,1707.4166666666667
CUST6905,5122.25,2,3,2561.125
CUST5380,5116.8,1,4,5116.8
CUST6822,5116.299999999999,2,4,2558.1499999999996
CUST3141,5116.2,3,4,1705.3999999999999
CUST3817,5110.3,3,5,1703.4333333333334
CUST5348,5098.65,3,7,1699.55
CUST5680,5097.45,1,3,5097.45
CUST6880,5097.45,1,3,5097.45
CUST1575,5097.2,2,3,2548.6
CUST6391,5097.0,2,3,2548.5
CUST5240,5097.0,3,3,1699.0
CUST6093,5097.0,2,3,2548.5
CUST6994,5096.6,1,4,5096.6
CUST2509,5095.05,2,5,2547.525
CUST1513,5085.3,3,5,1695.1000000000001
CUST7407,5075.349999999999,4,5,1268.8374999999999
CUST2827,5067.25,3,3,1689.0833333333333
CUST5685,5066.35,3,4,1688.7833333333335
CUST3324,5063.9,4,7,1265.975
CUST2475,5063.200000000001,2,2,2531.6000000000004
CUST2878,5063.0,4,8,1265.75
CUST2364,5058.15,2,2,2529.075
CUST6864,5058.15,2,2,2529.075
CUST7702,5057.2,2,3,2528.6
CUST7651,5053.65,3,7,1684.55
CUST6515,5051.25,2,4,2525.625
CUST6382,5046.45,2,4,2523.225
CUST3950,5044.5,3,6,1681.5
CUST7674,5041.55,3,4,1680.5166666666667
CUST6396,5037.3,2,3,2518.65
CUST2628,5037.299999999999,3,3,1679.0999999999997
CUST6489,5037.2,2,3,2518.6
CUST6488,5037.2,2,3,2518.6
CUST5342,5036.8,2,4,2518.4
CUST6675,5036.1,2,4,2518.05
CUST5265,5035.1,3,5,1678.3666666666668
CUST4615,5034.15,5,6,1006.8299999999999
CUST1597,5033.1,2,2,2516.55
CUST5547,5032.15,2,3,2516.075
CUST1849,5024.6,3,6,1674.8666666666668
CUST1811,5022.7,4,8,1255.675
CUST4543,5020.35,3,5,1673.45
CUST3561,5017.4,2,3,2508.7
CUST5661,5016.35,3,4,1672.1166666666668
CUST2470,5015.7,2,5,2507.85
CUST2458,5014.95,3,6,1671.6499999999999
CUST7672,5007.349999999999,2,3,2503.6749999999997
CUST5899,5006.15,2,4,2503.075
CUST2048,5006.1,3,4,1668.7
CUST1323,5003.15,2,2,2501.575
CUST7055,5001.55,3,4,1667.1833333333334
CUST7771,5001.3,3,4,1667.1000000000001
CUST7490,4998.0,1,2,4998.0
CUST3299,4998.0,1,2,4998.0
CUST7090,4998.0,1,2,4998.0
CUST7050,4998.0,1,2,4998.0
CUST1679,4998.0,1,2,4998.0
CUST1148,4998.0,1,2,4998.0
CUST4884,4998.0,1,2,4998.0
CUST2907,4998.0,1,2,4998.0
CUST3768,4997.4,2,3,2498.7
CUST3553,4997.15,3,3,1665.7166666666665
CUST4255,4997.15,3,3,1665.7166666666665
CUST2196,4995.0,2,6,2497.5
CUST1657,4995.0,1,5,4995.0
CUST4845,4995.0,1,5,4995.0
CUST7735,4994.25,3,6,1664.75
CUST1859,4986.25,3,4,1662.0833333333333
CUST1994,4986.2,3,4,1662.0666666666666
CUST4051,4976.6,2,4,2488.3
CUST6867,4976.15,3,4,1658.7166666666665
CUST7502,4975.5,3,5,1658.5
CUST5420,4974.4,3,6,1658.1333333333332
CUST7002,4972.25,2,3,2486.125
CUST2003,4961.25,2,4,2480.625
CUST6240,4956.25,3,4,1652.0833333333333
CUST1812,4955.55,2,5,2477.775
CUST2376,4953.05,3,7,1651.0166666666667
CUST5679,4948.2,2,2,2474.1
CUST2676,4947.45,2,3,2473.725
CUST1998,4947.3,2,3,2473.65
CUST2408,4947.3,2,3,2473.65
CUST1944,4947.25,2,3,2473.625
CUST6401,4947.25,3,3,1649.0833333333333
CUST2083,4946.1,2,4,2473.05
CUST6238,4945.5,2,5,2472.75
CUST1485,4945.5,1,5,4945.5
CUST1182,4936.2,1,4,4936.2
CUST6929,4936.1,3,4,1645.3666666666668
CUST7746,4933.15,2,2,2466.575
CUST4449,4931.25,3,4,1643.75
CUST6039,4928.3,2,2,2464.15
CUST1696,4925.55,4,5,1231.3875
CUST2417,4925.35,3,5,1641.7833333333335
CUST5300,4922.05,2,3,2461.025
CUST3676,4919.35,3,6,1639.7833333333335
CUST1399,4918.1,2,2,2459.05
CUST4871,4913.7,3,7,1637.8999999999999
CUST1457,4900.65,2,5,2450.325
CUST3957,4900.35,2,5,2450.175
CUST6653,4899.95,3,6,1633.3166666666666
CUST2740,4897.5,2,3,2448.75
CUST7621,4897.4,2,3,2448.7
CUST5805,4897.4,3,3,1632.4666666666665
CUST4172,4897.2,2,3,2448.6
CUST2739,4897.2,3,3,1632.3999999999999
CUST2301,4897.0,2,3,2448.5
CUST1969,4896.0,3,4,1632.0
CUST1985,4886.349999999999,3,4,1628.783333333333
CUST5809,4884.35,3,6,1628.1166666666668
CUST3331,4879.45,3,6,1626.4833333333333
CUST4498,4875.15,2,5,2437.575
CUST7482,4873.2,2,2,2436.6
CUST1501,4872.15,2,3,2436.075
CUST5738,4869.25,2,6,2434.625
CUST1980,4868.15,2,2,2434.075
CUST4400,4867.15,2,3,2433.575
CUST2597,4866.5,2,4,2433.25
CUST4687,4865.900000000001,4,5,1216.4750000000001
CUST5384,4862.25,3,3,1620.75
CUST1250,4861.25,3,4,1620.4166666666667
CUST1889,4857.4,2,3,2428.7
CUST1918,4857.4,2,3,2428.7
CUST6912,4857.3,1,3,4857.3
CUST4222,4857.3,1,3,4857.3
CUST5507,4857.3,1,3,4857.3
CUST1483,4857.3,1,3,4857.3
CUST2448,4857.3,1,3,4857.3
CUST5603,4857.3,1,3,4857.3
CUST6178,4857.3,1,3,4857.3
CUST6049,4857.299999999999,2,3,2428.6499999999996
CUST4264,4857.2,2,3,2428.6
CUST2041,4856.4,2,4,2428.2
CUST5776,4848.25,2,2,2424.125
CUST5390,4847.1,2,3,2423.55
CUST3947,4847.1,2,3,2423.55
CUST1684,4846.1,2,4,2423.05
CUST3135,4845.299999999999,3,5,1615.0999999999997
CUST5263,4845.299999999999,3,5,1615.0999999999997
CUST2433,4845.25,3,5,1615.0833333333333
CUST6917,4842.15,2,3,2421.075
CUST3721,4838.25,2,2,2419.125
CUST1833,4837.3,3,3,1612.4333333333334
CUST1468,4837.2,2,3,2418.6
CUST3866,4837.2,3,3,1612.3999999999999
CUST7162,4837.2,2,3,2418.6
CUST4017,4836.6,3,4,1612.2
CUST6393,4834.2,3,6,1611.3999999999999
CUST4030,4833.200000000001,2,2,2416.6000000000004
CUST6263,4832.35,2,3,2416.175
CUST2252,4830.55,3,5,1610.1833333333334
CUST5020,4826.7,2,4,2413.35
CUST3315,4826.3,2,4,2413.15
CUST2085,4823.5,3,8,1607.8333333333333
CUST2125,4821.25,3,4,1607.0833333333333
CUST3724,4820.15,3,5,1606.7166666666665
CUST1932,4817.45,3,3,1605.8166666666666
CUST7960,4817.1,2,3,2408.55
CUST5029,4815.25,3,5,1605.0833333333333
CUST1140,4801.35,2,4,2400.675
CUST5927,4799.15,3,7,1599.7166666666665
CUST7465,4798.0,2,2,2399.0
CUST2349,4797.1,2,3,2398.55
CUST7838,4797.0,1,3,4797.0
CUST1056,4796.8,1,4,4796.8
CUST5576,4796.8,1,4,4796.8
CUST3576,4796.8,1,4,4796.8
CUST2929,4796.8,1,4,4796.8
CUST3994,4796.1,2,4,2398.05
CUST2966,4794.4,2,6,2397.2
CUST6447,4794.0,3,7,1598.0
CUST1107,4792.35,3,3,1597.45
CUST5373,4787.25,2,3,2393.625
CUST3927,4786.55,4,4,1196.6375
CUST2564,4780.65,2,5,2390.325
CUST7099,4777.25,2,3,2388.625
CUST5949,4776.5,3,4,1592.1666666666667
CUST7478,4776.25,4,4,1194.0625
CUST1954,4775.45,4,5,1193.8625
CUST7120,4775.2,2,5,2387.6
CUST4560,4773.15,2,2,2386.575
CUST7254,4772.35,3,3,1590.7833333333335
CUST1957,4771.4,3,4,1590.4666666666665
CUST4325,4770.45,4,5,1192.6125
CUST6490,4768.2,2,2,2384.1
CUST6563,4767.35,2,3,2383.675
CUST7353,4767.299999999999,2,3,2383.6499999999996
CUST6895,4767.1,2,3,2383.55
CUST1713,4766.45,3,4,1588.8166666666666
CUST7172,4766.3,3,4,1588.7666666666667
CUST1436,4765.599999999999,4,5,1191.3999999999999
CUST4927,4765.5,2,5,2382.75
CUST3087,4765.1,2,5,2382.55
CUST3933,4757.4,2,3,2378.7
CUST7460,4756.6,2,4,2378.3
CUST6172,4756.6,3,4,1585.5333333333335
CUST1394,4756.4,2,4,2378.2
CUST3792,4754.75,4,6,1188.6875
CUST3523,4748.1,1,2,4748.1
CUST5684,4748.1,1,2,4748.1
CUST4654,4748.1,2,2,2374.05
CUST2146,4748.1,1,2,4748.1
CUST3077,4748.1,1,2,4748.1
CUST2238,4748.1,1,2,4748.1
CUST5787,4748.1,1,2,4748.1
CUST7216,4748.1,1,2,4748.1
CUST6682,4748.1,1,2,4748.1
CUST7335,4748.1,1,2,4748.1
CUST6983,4748.1,1,2,4748.1
CUST2269,4748.1,1,2,4748.1
CUST6524,4748.1,1,2,4748.1
CUST1606,4747.4,2,3,2373.7
CUST4410,4746.2,2,4,2373.1
CUST7365,4745.25,1,5,4745.25
CUST6513,4741.15,3,4,1580.3833333333332
CUST3532,4736.4,3,4,1578.8
CUST5312,4736.3,3,4,1578.7666666666667
CUST2627,4735.799999999999,2,5,2367.8999999999996
CUST2046,4735.2,3,5,1578.3999999999999
CUST7241,4734.5,3,6,1578.1666666666667
CUST1683,4731.15,2,4,2365.575
CUST5111,4726.5,3,4,1575.5
CUST1750,4726.2,3,4,1575.3999999999999
CUST7792,4725.4,3,5,1575.1333333333332
CUST1146,4721.5,4,4,1180.375
CUST3515,4721.25,2,4,2360.625
CUST7016,4720.65,3,5,1573.55
CUST4058,4719.75,2,6,2359.875
CUST3348,4719.45,3,6,1573.1499999999999
CUST4529,4716.5,2,4,2358.25
CUST7528,4716.299999999999,3,4,1572.0999999999997
CUST1295,4710.55,3,5,1570.1833333333334
CUST3272,4709.85,3,6,1569.95
CUST6147,4707.45,3,3,1569.1499999999999
CUST5971,4705.15,2,5,2352.575
CUST3726,4702.35,3,3,1567.45
CUST1219,4702.15,2,3,2351.075
CUST6657,4700.549999999999,3,5,1566.8499999999997
CUST4487,4699.05,4,7,1174.7625
CUST3527,4696.55,3,4,1565.5166666666667
CUST3360,4696.5,2,4,2348.25
CUST5758,4696.3,2,4,2348.15
CUST6685,4696.3,2,4,2348.15
CUST2514,4696.2,3,4,1565.3999999999999
CUST6774,4692.349999999999,3,3,1564.1166666666666
CUST5550,4692.0,3,8,1564.0
CUST7220,4690.650000000001,3,5,1563.5500000000002
CUST1077,4685.7,3,5,1561.8999999999999
CUST2481,4684.900000000001,3,6,1561.6333333333334
CUST2359,4677.3,2,3,2338.65
CUST2519,4677.2,2,3,2338.6
CUST5773,4676.4,1,4,4676.4
CUST3433,4676.4,1,4,4676.4
CUST2654,4676.4,1,4,4676.4
CUST1249,4676.4,2,4,2338.2
CUST4823,4676.2,2,4,2338.1
CUST5376,4675.6,3,5,1558.5333333333335
CUST3086,4674.9,4,6,1168.725
CUST2459,4674.6,2,6,2337.3
CUST5388,4674.2,3,6,1558.0666666666666
CUST4771,4667.1,2,3,2333.55
CUST5301,4666.6,3,4,1555.5333333333335
CUST2117,4647.25,3,3,1549.0833333333333
CUST4138,4647.2,2,3,2323.6
CUST3810,4646.3,2,4,2323.15
CUST4361,4645.35,2,5,2322.675
CUST4021,4637.5,2,3,2318.75
CUST2038,4637.1,3,3,1545.7
CUST7443,4636.6,3,4,1545.5333333333335
CUST1689,4636.35,3,4,1545.45
CUST7391,4627.45,3,3,1542.4833333333333
CUST2774,4627.25,3,3,1542.4166666666667
CUST5435,4627.200000000001,2,3,2313.6000000000004
CUST1562,4626.650000000001,3,4,1542.216666666667
CUST2609,4623.9,4,7,1155.975
CUST5005,4623.15,2,2,2311.575
CUST2954,4621.15,3,4,1540.3833333333332
CUST2378,4617.5,2,3,2308.75
CUST7973,4617.1,2,3,2308.55
CUST3503,4617.1,2,3,2308.55
CUST6112,4616.55,2,4,2308.275
CUST7383,4615.5,3,5,1538.5
CUST3681,4614.15,4,6,1153.5375
CUST5788,4598.0,2,2,2299.0
CUST7950,4597.25,3,3,1532.4166666666667
CUST3637,4597.2,2,3,2298.6
CUST6294,4597.0,2,3,2298.5
CUST6889,4597.0,3,3,1532.3333333333333
CUST3295,4596.4,4,4,1149.1
CUST5057,4595.0,2,5,2297.5
CUST3881,4594.55,4,6,1148.6375
CUST4454,4587.45,1,3,4587.45
CUST1809,4587.45,1,3,4587.45
CUST6129,4587.3,3,3,1529.1000000000001
CUST6213,4587.299999999999,3,3,1529.0999999999997
CUST3886,4587.299999999999,3,3,1529.0999999999997
CUST5398,4587.299999999999,2,3,2293.6499999999996
CUST4482,4587.2,3,3,1529.0666666666666
CUST4987,4587.1,2,3,2293.55
CUST5141,4587.1,2,3,2293.55
CUST7029,4586.4,2,4,2293.2
CUST1343,4584.7,4,6,1146.175
CUST3794,4573.05,2,2,2286.525
CUST7442,4572.25,2,3,2286.125
CUST2297,4572.05,3,3,1524.0166666666667
CUST3665,4571.25,2,4,2285.625
CUST5527,4567.35,3,3,1522.45
CUST2873,4567.299999999999,3,3,1522.4333333333332
CUST1202,4566.2,3,4,1522.0666666666666
CUST4754,4565.3,3,5,1521.7666666666667
CUST2379,4562.55,2,3,2281.275
CUST1434,4561.349999999999,3,4,1520.4499999999998
CUST4035,4560.15,4,5,1140.0375
CUST2998,4558.1,2,2,2279.05
CUST3355,4557.15,1,3,4557.15
CUST4662,4556.400000000001,3,4,1518.8000000000002
CUST5123,4553.0,2,8,2276.5
CUST2405,4552.45,3,3,1517.4833333333333
CUST3789,4551.5,4,4,1137.875
CUST7914,4547.2,3,3,1515.7333333333333
CUST7758,4546.35,3,4,1515.45
CUST6221,4546.05,3,4,1515.3500000000001
CUST4966,4545.7,2,5,2272.85
CUST3615,4544.2,3,6,1514.7333333333333
CUST2845,4541.549999999999,2,4,2270.7749999999996
CUST1306,4541.25,2,4,2270.625
CUST1993,4536.1,3,4,1512.0333333333335
CUST6324,4532.4,3,3,1510.8
CUST7569,4530.25,4,5,1132.5625
CUST6548,4527.4,3,3,1509.1333333333332
CUST7023,4527.15,3,3,1509.05
CUST3925,4525.45,2,5,2262.725
CUST4944,4521.15,3,4,1507.05
CUST1533,4521.05,2,4,2260.525
CUST4308,4517.1,3,3,1505.7
CUST1383,4517.05,2,3,2258.525
CUST3831,4516.3,3,4,1505.4333333333334
CUST4711,4515.9,2,5,2257.95
CUST7500,4514.4,3,6,1504.8
CUST4238,4504.55,3,6,1501.5166666666667
CUST5457,4498.2,1,2,4498.2
CUST5122,4498.2,1,2,4498.2
CUST7214,4498.2,1,2,4498.2
CUST3275,4498.2,1,2,4498.2
CUST4011,4498.2,1,2,4498.2
CUST1075,4498.2,1,2,4498.2
CUST7315,4498.2,1,2,4498.2
CUST4458,4498.2,1,2,4498.2
CUST2091,4498.2,1,2,4498.2
CUST5989,4498.2,1,2,4498.2
CUST6818,4498.0,2,2,2249.0
CUST5442,4497.25,3,3,1499.0833333333333
CUST7835,4497.0,1,3,4497.0
CUST2328,4497.0,1,3,4497.0
CUST6450,4497.0,1,3,4497.0
CUST1780,4497.0,1,3,4497.0
CUST7212,4497.0,1,3,4497.0
CUST6638,4497.0,1,3,4497.0
CUST3436,4497.0,1,3,4497.0
CUST4630,4497.0,1,3,4497.0
CUST3985,4497.0,1,3,4497.0
CUST5068,4497.0,1,3,4497.0
CUST6389,4496.4,3,4,1498.8
CUST1281,4496.0,2,4,2248.0
CUST6283,4495.5,1,5,4495.5
CUST1270,4494.5,2,6,2247.25
CUST1990,4494.0,2,6,2247.0
CUST6958,4488.1,2,2,2244.05
CUST4341,4485.799999999999,3,5,1495.2666666666664
CUST7730,4483.15,2,2,2241.575
CUST4988,4471.35,3,4,1490.45
CUST1865,4466.7,2,4,2233.35
CUST1011,4466.15,3,4,1488.7166666666665
CUST1161,4465.4,2,5,2232.7
CUST4705,4463.1,2,2,2231.55
CUST4722,4463.1,2,2,2231.55
CUST4877,4462.35,2,3,2231.175
CUST1116,4447.1,2,3,2223.55
CUST5310,4446.3,2,4,2223.15
CUST4533,4446.1,3,4,1482.0333333333335
CUST7461,4443.7,3,7,1481.2333333333333
CUST5423,4442.2,4,8,1110.55
CUST4497,4437.1,2,3,2218.55
CUST3214,4435.1,2,5,2217.55
CUST3089,4434.3,3,6,1478.1000000000001
CUST3775,4431.55,3,4,1477.1833333333334
CUST6154,4425.55,4,5,1106.3875
CUST7521,4423.25,2,2,2211.625
CUST3377,4422.25,3,3,1474.0833333333333
CUST6184,4421.25,2,4,2210.625
CUST2717,4418.299999999999,2,2,2209.1499999999996
CUST6609,4418.299999999999,2,2,2209.1499999999996
CUST2990,4416.6,1,4,4416.6
CUST3787,4416.6,1,4,4416.6
CUST5671,4412.95,3,8,1470.9833333333333
CUST1083,4411.45,3,4,1470.4833333333333
CUST1519,4408.2,2,2,2204.1
CUST7948,4406.5,2,4,2203.25
CUST1470,4406.400000000001,2,4,2203.2000000000003
CUST7626,4406.3,3,4,1468.7666666666667
CUST5041,4406.05,2,4,2203.025
CUST2674,4398.0,1,2,4398.0
CUST7877,4398.0,1,2,4398.0
CUST5189,4398.0,1,2,4398.0
CUST5274,4397.2,2,3,2198.6
CUST2935,4396.1,3,4,1465.3666666666668
CUST1168,4396.0,2,5,2198.0
CUST3263,4395.6,2,5,2197.8
CUST3413,4390.35,4,5,1097.5875
CUST6667,4389.4,3,6,1463.1333333333332
CUST5349,4386.4,2,4,2193.2
CUST4570,4377.2,2,3,2188.6
CUST1432,4375.2,2,5,2187.6
CUST3604,4374.6,3,6,1458.2
CUST2618,4373.6,4,7,1093.4
CUST5004,4373.25,2,2,2186.625
CUST3240,4368.1,2,2,2184.05
CUST4381,4368.1,2,2,2184.05
CUST6876,4367.15,3,3,1455.7166666666665
CUST6755,4365.25,2,5,2182.625
CUST4729,4362.9,4,8,1090.725
CUST6804,4357.75,3,8,1452.5833333333333
CUST6330,4357.5,2,3,2178.75
CUST1015,4357.1,2,3,2178.55
CUST7295,4356.5,4,4,1089.125
CUST5786,4356.45,2,4,2178.225
CUST1906,4353.15,2,2,2176.575
CUST3513,4347.2,3,3,1449.0666666666666
CUST4631,4346.549999999999,2,4,2173.2749999999996
CUST4791,4346.25,3,4,1448.75
CUST2692,4344.7,2,6,2172.35
CUST6875,4343.05,2,2,2171.525
CUST7191,4342.25,3,3,1447.4166666666667
CUST2979,4337.25,3,3,1445.75
CUST6320,4337.2,3,3,1445.7333333333333
CUST6410,4337.1,3,3,1445.7
CUST4321,4334.7,3,6,1444.8999999999999
CUST3139,4333.3,2,2,2166.65
CUST1634,4333.3,2,2,2166.65
CUST3896,4333.25,2,2,2166.625
CUST4220,4329.7,4,6,1082.425
CUST4191,4328.75,4,7,1082.1875
CUST1093,4328.25,2,2,2164.125
CUST3461,4326.65,2,4,2163.325
CUST6841,4318.2,2,2,2159.1
CUST7846,4318.2,2,2,2159.1
CUST5546,4318.2,2,2,2159.1
CUST4672,4317.6,1,3,4317.6
CUST3336,4317.6,1,3,4317.6
CUST5393,4317.6,2,3,2158.8
CUST1475,4317.5,2,3,2158.75
CUST5118,4317.3,2,3,2158.65
CUST6301,4317.3,1,3,4317.3
CUST1360,4317.3,1,3,4317.3
CUST3387,4317.299999999999,2,3,2158.6499999999996
CUST5862,4317.299999999999,2,3,2158.6499999999996
CUST1586,4317.299999999999,2,3,2158.6499999999996
CUST7377,4317.2,2,3,2158.6
CUST4853,4317.2,2,3,2158.6
CUST3749,4316.45,3,4,1438.8166666666666
CUST2288,4316.4,2,4,2158.2
CUST2529,4316.1,2,4,2158.05
CUST6266,4315.05,2,5,2157.525
CUST1117,4306.2,3,4,1435.3999999999999
CUST3608,4306.1,2,4,2153.05
CUST3168,4305.15,2,5,2152.575
CUST4767,4303.15,2,2,2151.575
CUST4583,4303.15,2,2,2151.575
CUST6052,4298.0,2,2,2149.0
CUST2323,4298.0,2,2,2149.0
CUST2368,4298.0,2,2,2149.0
CUST5099,4298.0,2,2,2149.0
CUST3675,4297.3,2,3,2148.65
CUST5868,4297.2,2,3,2148.6
CUST6731,4296.5,3,4,1432.1666666666667
CUST3603,4296.5,3,4,1432.1666666666667
CUST6782,4296.3,2,4,2148.15
CUST1405,4296.2,4,4,1074.05
CUST1255,4295.3,3,5,1431.7666666666667
CUST1613,4295.0,2,5,2147.5
CUST3111,4293.2,3,7,1431.0666666666666
CUST6923,4287.2,2,3,2143.6
CUST2567,4280.95,2,5,2140.475
CUST5571,4276.55,3,4,1425.5166666666667
CUST3171,4273.15,2,2,2136.575
CUST3643,4273.1,2,2,2136.55
CUST6607,4272.15,1,3,4272.15
CUST5939,4272.15,1,3,4272.15
CUST3710,4272.15,2,3,2136.075
CUST7800,4272.15,1,3,4272.15
CUST3536,4271.349999999999,3,4,1423.783333333333
CUST5929,4271.2,2,4,2135.6
CUST6296,4270.25,3,5,1423.4166666666667
CUST7196,4270.25,1,5,4270.25
CUST1141,4270.25,2,5,2135.125
CUST6231,4258.05,2,2,2129.025
CUST7036,4252.35,3,3,1417.45
CUST3544,4248.3,1,2,4248.3
CUST5086,4248.3,1,2,4248.3
CUST2118,4248.3,1,2,4248.3
CUST4619,4248.3,1,2,4248.3
CUST4758,4248.3,1,2,4248.3
CUST5779,4248.3,1,2,4248.3
CUST3131,4248.3,1,2,4248.3
CUST3683,4248.05,2,2,2124.025
CUST3868,4247.1,2,3,2123.55
CUST4403,4247.1,2,3,2123.55
CUST5811,4245.75,1,5,4245.75
CUST1816,4243.200000000001,2,2,2121.6000000000004
CUST2950,4243.200000000001,2,2,2121.6000000000004
CUST6888,4237.55,2,3,2118.775
CUST1294,4237.25,3,3,1412.4166666666667
CUST5847,4237.25,3,3,1412.4166666666667
CUST3294,4236.45,4,4,1059.1125
CUST2163,4235.3,4,5,1058.825
CUST5125,4235.2,2,5,2117.6
CUST3376,4235.1,3,5,1411.7
CUST7253,4228.2,2,2,2114.1
CUST5173,4227.4,2,3,2113.7
CUST1623,4226.400000000001,2,4,2113.2000000000003
CUST1545,4225.5,4,5,1056.375
CUST5858,4224.6,2,6,2112.3
CUST3184,4221.15,3,4,1407.05
CUST1890,4217.2,2,3,2108.6
CUST1795,4215.400000000001,3,5,1405.1333333333334
CUST6459,4213.200000000001,2,2,2106.6000000000004
CUST2969,4212.35,2,3,2106.175
CUST4617,4212.25,3,3,1404.0833333333333
CUST3442,4208.05,2,2,2104.025
CUST4991,4207.3,2,3,2103.65
CUST4608,4207.2,2,3,2103.6
CUST2705,4197.25,3,3,1399.0833333333333
CUST5936,4197.2,2,3,2098.6
CUST6525,4196.4,2,4,2098.2
CUST5452,4196.1,3,4,1398.7
CUST7435,4195.8,3,5,1398.6000000000001
CUST6314,4195.1,2,5,2097.55
CUST6640,4195.0,2,5,2097.5
CUST1467,4194.75,2,6,2097.375
CUST4286,4190.75,3,5,1396.9166666666667
CUST4922,4178.1,1,2,4178.1
CUST3427,4178.1,1,2,4178.1
CUST6211,4178.1,1,2,4178.1
CUST4866,4178.1,1,2,4178.1
CUST2084,4178.1,1,2,4178.1
CUST1503,4178.1,1,2,4178.1
CUST4933,4178.1,1,2,4178.1
CUST2303,4178.1,1,2,4178.1
CUST2632,4178.1,1,2,4178.1
CUST7499,4177.5,2,3,2088.75
CUST4070,4177.2,3,3,1392.3999999999999
CUST1400,4173.2,2,2,2086.6
CUST4353,4173.2,2,2,2086.6
CUST7466,4173.05,2,2,2086.525
CUST7420,4173.05,2,2,2086.525
CUST3854,4172.349999999999,2,3,2086.1749999999997
CUST1608,4172.25,2,3,2086.125
CUST6116,4167.25,3,3,1389.0833333333333
CUST1235,4167.25,3,3,1389.0833333333333
CUST6833,4167.15,3,3,1389.05
CUST5230,4165.45,2,5,2082.725
CUST3969,4160.75,3,5,1386.9166666666667
CUST6985,4157.4,2,3,2078.7
CUST3649,4157.3,3,3,1385.7666666666667
CUST1804,4156.8,1,4,4156.8
CUST6272,4155.4,2,5,2077.7
CUST5797,4154.55,4,6,1038.6375
CUST7491,4153.9,4,7,1038.475
CUST2403,4152.4,3,3,1384.1333333333332
CUST4069,4151.349999999999,3,4,1383.783333333333
CUST1916,4148.15,2,2,2074.075
CUST2200,4144.25,2,6,2072.125
CUST5646,4142.25,3,3,1380.75
CUST7703,4141.5,4,4,1035.375
CUST6600,4138.2,2,2,2069.1
CUST1772,4137.3,2,3,2068.65
CUST4860,4137.3,2,3,2068.65
CUST7304,4137.3,2,3,2068.65
CUST3558,4137.2,2,3,2068.6
CUST2129,4137.1,2,3,2068.55
CUST3249,4136.4,2,4,2068.2
CUST6477,4136.4,2,4,2068.2
CUST5917,4135.0,2,6,2067.5
CUST4231,4133.55,3,7,1377.8500000000001
CUST5588,4133.05,2,2,2066.525
CUST4295,4127.3,3,3,1375.7666666666667
CUST2510,4123.25,2,2,2061.625
CUST7767,4123.05,2,2,2061.525
CUST5454,4122.25,2,3,2061.125
CUST4469,4122.15,2,3,2061.075
CUST2176,4121.35,2,4,2060.675
CUST6400,4121.25,2,4,2060.625
CUST3655,4116.3,2,4,2058.15
CUST2106,4111.25,3,4,1370.4166666666667
CUST5503,4108.1,2,2,2054.05
CUST3571,4107.15,2,3,2053.575
CUST6506,4104.35,3,6,1368.1166666666668
CUST7602,4103.15,2,2,2051.575
CUST6972,4100.45,3,5,1366.8166666666666
CUST5800,4100.25,4,5,1025.0625
CUST6908,4098.0,2,2,2049.0
CUST1097,4097.55,2,3,2048.775
CUST2796,4096.65,3,4,1365.55
CUST6193,4095.3999999999996,2,5,2047.6999999999998
CUST6236,4086.7,3,4,1362.2333333333333
CUST4263,4086.3500000000004,3,4,1362.1166666666668
CUST1548,4082.15,2,3,2041.075
CUST6156,4077.4500000000003,2,3,2038.7250000000001
CUST5778,4077.4500000000003,3,3,1359.15
CUST1040,4077.45,1,3,4077.45
CUST1522,4077.2999999999997,3,3,1359.1
CUST6785,4077.2,3,3,1359.0666666666666
CUST3715,4074.4,3,6,1358.1333333333334
CUST4542,4073.2,3,7,1357.7333333333333
CUST5777,4067.3,2,3,2033.65
CUST1553,4063.25,2,2,2031.625
CUST7795,4057.5,2,3,2028.75
CUST7132,4055.45,3,5,1351.8166666666666
CUST7742,4047.3,1,3,4047.3
CUST3821,4047.3,1,3,4047.3
CUST3493,4047.3,1,3,4047.3
CUST7131,4047.3,1,3,4047.3
CUST7963,4047.2999999999997,2,3,2023.6499999999999
CUST5696,4038.2,2,2,2019.1
CUST4412,4038.2,2,2,2019.1
CUST5476,4036.4,2,4,2018.2
CUST2865,4036.3999999999996,3,4,1345.4666666666665
CUST3601,4035.2,3,5,1345.0666666666666
CUST5861,4035.1,3,5,1345.0333333333333
CUST2042,4025.5499999999997,3,5,1341.85
CUST2762,4025.35,4,5,1006.3375
CUST3428,4018.05,2,2,2009.025
CUST2877,4016.1,2,4,2008.05
CUST3340,4006.1,3,4,1335.3666666666666
CUST7389,4005.1,3,5,1335.0333333333333
CUST7410,3999.65,4,6,999.9125
CUST3596,3998.4,1,2,3998.4
CUST7299,3998.4,1,2,3998.4
CUST7149,3998.4,1,2,3998.4
CUST1332,3998.4,1,2,3998.4
CUST1313,3998.0,1,2,3998.0
CUST3550,3998.0,1,2,3998.0
CUST2109,3998.0,1,2,3998.0
CUST6354,3998.0,1,2,3998.0
CUST3583,3998.0,1,2,3998.0
CUST5840,3998.0,1,2,3998.0
CUST3769,3998.0,1,2,3998.0
CUST6869,3998.0,2,2,1999.0
CUST5186,3998.0,1,2,3998.0
CUST5205,3998.0,1,2,3998.0
CUST7350,3998.0,1,2,3998.0
CUST1397,3998.0,1,2,3998.0
CUST7607,3998.0,1,2,3998.0
CUST1658,3998.0,1,2,3998.0
CUST3457,3998.0,1,2,3998.0
CUST2180,3997.2,3,3,1332.3999999999999
CUST3918,3996.0,2,4,1998.0
CUST7170,3996.0,1,4,3996.0
CUST6349,3996.0,2,4,1998.0
CUST2198,3996.0,1,4,3996.0
CUST4013,3996.0,1,4,3996.0
CUST4999,3996.0,2,4,1998.0
CUST1215,3993.6,3,7,1331.2
CUST4714,3993.6,2,7,1996.8
CUST4680,3993.0,2,7,1996.5
CUST2088,3991.3500000000004,2,4,1995.6750000000002
CUST5686,3986.2,2,4,1993.1
CUST5450,3978.3,2,2,1989.15
CUST2383,3978.2,2,2,1989.1
CUST4586,3978.1,2,2,1989.05
CUST3052,3977.25,2,3,1988.625
CUST1139,3977.2,2,3,1988.6
CUST6038,3977.05,2,3,1988.525
CUST6779,3976.55,3,4,1325.5166666666667
CUST4290,3976.2,2,4,1988.1
CUST5475,3974.2,4,6,993.55
CUST1046,3974.1,2,6,1987.05
CUST7006,3971.05,3,4,1323.6833333333334
CUST1558,3968.2999999999997,2,2,1984.1499999999999
CUST3759,3965.6499999999996,3,5,1321.8833333333332
CUST2733,3963.25,2,2,1981.625
CUST3280,3963.05,2,2,1981.525
CUST6108,3958.2,1,2,3958.2
CUST7685,3958.2,1,2,3958.2
CUST7515,3958.2,1,2,3958.2
CUST5702,3958.2,1,2,3958.2
CUST4122,3958.2,1,2,3958.2
CUST5455,3958.2,1,2,3958.2
CUST4720,3958.2,2,2,1979.1
CUST4247,3958.2,1,2,3958.2
CUST4783,3958.2,1,2,3958.2
CUST6815,3958.2,1,2,3958.2
CUST2578,3958.2,2,2,1979.1
CUST4885,3958.2,1,2,3958.2
CUST6765,3958.2,1,2,3958.2
CUST6739,3958.2,1,2,3958.2
CUST4195,3957.2999999999997,3,3,1319.1
CUST2545,3957.2,2,3,1978.6
CUST2688,3956.45,3,4,1318.8166666666666
CUST4702,3956.4,1,4,3956.4
CUST1701,3956.4,1,4,3956.4
CUST5860,3956.4,1,4,3956.4
CUST7850,3956.3,2,4,1978.15
CUST1064,3956.1,2,4,1978.05
CUST4488,3955.7,3,5,1318.5666666666666
CUST7726,3952.05,3,3,1317.3500000000001
CUST1738,3951.3,2,4,1975.65
CUST2229,3947.1,2,3,1973.55
CUST2263,3946.2,3,4,1315.3999999999999
CUST7371,3945.4,2,5,1972.7
CUST6725,3944.55,3,6,1314.8500000000001
CUST2004,3943.15,2,2,1971.575
CUST2416,3938.1,2,2,1969.05
CUST7300,3937.4,2,3,1968.7
CUST6120,3937.3999999999996,2,3,1968.6999999999998
CUST2313,3937.35,3,3,1312.45
CUST7543,3937.15,2,3,1968.575
CUST3096,3935.75,3,5,1311.9166666666667
CUST6376,3935.6499999999996,2,5,1967.8249999999998
CUST3094,3932.05,2,3,1966.025
CUST3692,3931.1,3,9,1310.3666666666666
CUST6386,3926.45,3,4,1308.8166666666666
CUST2784,3926.1,2,4,1963.05
CUST5065,3926.1,3,4,1308.7
CUST1287,3925.4,3,5,1308.4666666666667
CUST6210,3923.15,2,2,1961.575
CUST7255,3923.15,2,2,1961.575
CUST1444,3923.05,2,2,1961.525
CUST5171,3923.05,2,2,1961.525
CUST3932,3921.15,2,4,1960.575
CUST1316,3917.2,2,3,1958.6
CUST2095,3916.7,2,4,1958.35
CUST6593,3916.1499999999996,3,4,1305.3833333333332
CUST3414,3915.3999999999996,4,5,978.8499999999999
CUST3921,3911.5499999999997,2,4,1955.7749999999999
CUST1243,3905.15,2,5,1952.575
CUST2289,3902.3500000000004,2,3,1951.1750000000002
CUST5751,3897.4,2,3,1948.7
CUST6728,3897.0,1,3,3897.0
CUST1392,3897.0,1,3,3897.0
CUST2939,3897.0,2,3,1948.5
CUST7766,3897.0,1,3,3897.0
CUST6359,3897.0,1,3,3897.0
CUST3830,3896.3,3,4,1298.7666666666667
CUST3406,3896.2,2,4,1948.1
CUST2836,3896.1,2,4,1948.05
CUST5484,3895.2999999999997,2,5,1947.6499999999999
CUST5154,3895.0,2,6,1947.5
CUST7476,3892.15,2,3,1946.075
CUST6758,3890.85,2,5,1945.425
CUST1108,3887.1,3,3,1295.7
CUST7774,3886.5,2,4,1943.25
CUST6540,3886.4,4,4,971.6
CUST4365,3877.25,2,3,1938.625
CUST5046,3877.2,2,3,1938.6
CUST7609,3876.15,2,4,1938.075
CUST6648,3873.6000000000004,3,7,1291.2
CUST4813,3873.05,2,2,1936.525
CUST1151,3873.05,2,2,1936.525
CUST3581,3867.3,2,3,1933.65
CUST3074,3856.35,3,4,1285.45
CUST5404,3856.2,2,4,1928.1
CUST4124,3855.55,5,5,771.11
CUST5735,3855.3,3,5,1285.1000000000001
CUST5408,3853.25,2,2,1926.625
CUST1749,3847.1,2,3,1923.55
CUST5012,3846.5,3,4,1282.1666666666667
CUST7507,3846.5,3,4,1282.1666666666667
CUST6650,3846.45,4,4,961.6125
CUST4345,3844.25,2,6,1922.125
CUST7509,3842.3500000000004,3,3,1280.7833333333335
CUST5838,3837.6,1,3,3837.6
CUST1898,3837.6,1,3,3837.6
CUST1709,3837.2,2,3,1918.6
CUST4673,3836.2999999999997,2,4,1918.1499999999999
CUST2245,3836.1,2,4,1918.05
CUST4459,3835.65,3,5,1278.55
CUST7789,3833.5,4,7,958.375
CUST5890,3830.45,3,5,1276.8166666666666
CUST5597,3827.3999999999996,2,3,1913.6999999999998
CUST3165,3823.3,2,2,1911.65
CUST1995,3822.4500000000003,2,3,1911.2250000000001
CUST7260,3822.45,1,3,3822.45
CUST1977,3822.45,1,3,3822.45
CUST5132,3821.4,3,4,1273.8
CUST5110,3817.2,2,3,1908.6
CUST7312,3816.25,3,4,1272.0833333333333
CUST6708,3816.2,4,4,954.05
CUST2942,3815.5,4,5,953.875
CUST2189,3812.1499999999996,3,3,1270.7166666666665
CUST1254,3807.5,2,3,1903.75
CUST7135,3807.1499999999996,3,3,1269.05
CUST2494,3807.1,2,3,1903.55
CUST1289,3803.15,2,2,1901.575
CUST3825,3802.3,3,3,1267.4333333333334
CUST1044,3798.1,1,2,3798.1
CUST2185,3798.1,2,2,1899.05
CUST7506,3798.1,1,2,3798.1
CUST4620,3798.1,1,2,3798.1
CUST4302,3798.1,1,2,3798.1
CUST2366,3798.1,1,2,3798.1
CUST6767,3798.1,1,2,3798.1
CUST7047,3798.1,1,2,3798.1
CUST5120,3798.1,1,2,3798.1
CUST1892,3798.0,2,2,1899.0
CUST4300,3798.0,2,2,1899.0
CUST7115,3797.1499999999996,2,3,1898.5749999999998
CUST7027,3796.2,1,4,3796.2
CUST7897,3796.2,2,4,1898.1
CUST4175,3796.2,1,4,3796.2
CUST1133,3796.2,2,4,1898.1
CUST1538,3796.2,1,4,3796.2
CUST7750,3796.2,1,4,3796.2
CUST3011,3786.3,2,4,1893.15
CUST1311,3778.25,2,2,1889.125
CUST2439,3778.2,2,2,1889.1
CUST2040,3777.2999999999997,2,3,1888.6499999999999
CUST3548,3777.2999999999997,2,3,1888.6499999999999
CUST6001,3777.2,2,3,1888.6
CUST2947,3776.55,2,4,1888.275
CUST1037,3772.15,3,3,1257.3833333333334
CUST4605,3767.45,2,3,1883.725
CUST3159,3767.05,2,3,1883.525
CUST4778,3766.1499999999996,4,4,941.5374999999999
CUST3017,3764.1,3,6,1254.7
CUST3262,3762.1499999999996,3,3,1254.05
CUST5245,3761.35,4,4,940.3375
CUST2768,3760.15,2,5,1880.075
CUST1773,3748.2000000000003,2,2,1874.1000000000001
CUST7501,3748.1,2,2,1874.05
CUST2232,3748.1,2,2,1874.05
CUST4125,3748.1,2,2,1874.05
CUST2834,3747.5,2,3,1873.75
CUST1866,3746.3,2,4,1873.15
CUST5018,3743.25,2,2,1871.625
CUST1013,3738.3,1,2,3738.3
CUST5039,3738.3,1,2,3738.3
CUST5135,3738.3,1,2,3738.3
CUST7660,3733.05,2,2,1866.525
CUST2852,3733.05,2,2,1866.525
CUST3587,3730.75,3,5,1243.5833333333333
CUST2551,3728.2000000000003,2,2,1864.1000000000001
CUST3635,3727.2,2,3,1863.6
CUST5381,3718.1499999999996,2,2,1859.0749999999998
CUST6684,3715.9,3,5,1238.6333333333334
CUST7881,3715.6000000000004,2,5,1857.8000000000002
CUST5499,3715.3999999999996,2,5,1857.6999999999998
CUST1769,3715.25,3,5,1238.4166666666667
CUST3876,3710.75,3,5,1236.9166666666667
CUST4357,3708.05,2,2,1854.025
CUST1060,3707.4,2,3,1853.7
CUST1895,3707.3,2,3,1853.65
CUST2115,3706.55,3,4,1235.5166666666667
CUST5228,3706.15,2,4,1853.075
CUST1358,3705.7,3,5,1235.2333333333333
CUST6484,3705.7,3,5,1235.2333333333333
CUST5248,3705.3,2,5,1852.65
CUST4348,3703.25,2,2,1851.625
CUST2772,3702.3500000000004,2,3,1851.1750000000002
CUST5529,3702.3,3,3,1234.1000000000001
CUST6453,3702.15,1,3,3702.15
CUST4982,3702.15,1,3,3702.15
CUST5232,3702.15,1,3,3702.15
CUST4102,3702.15,1,3,3702.15
CUST4384,3702.15,1,3,3702.15
CUST7368,3698.2,2,2,1849.1
CUST3229,3698.05,2,2,1849.025
CUST7046,3698.0,2,2,1849.0
CUST4852,3697.3999999999996,2,3,1848.6999999999998
CUST2927,3696.0,2,4,1848.0
CUST6360,3695.3,2,5,1847.65
CUST2633,3695.1,2,5,1847.55
CUST1972,3692.3500000000004,2,3,1846.1750000000002
CUST3543,3688.6499999999996,3,7,1229.55
CUST5849,3688.2,2,2,1844.1
CUST2139,3687.3,2,3,1843.65
CUST6542,3687.2999999999997,2,3,1843.6499999999999
CUST4806,3686.7,2,4,1843.35
CUST6276,3686.3,2,4,1843.15
CUST4818,3681.2,4,4,920.3
CUST7520,3672.05,2,3,1836.025
CUST1743,3671.25,2,4,1835.625
CUST1647,3668.25,2,2,1834.125
CUST6419,3668.1,2,2,1834.05
CUST2608,3668.1,2,2,1834.05
CUST4455,3667.25,3,3,1222.4166666666667
CUST6340,3666.1,2,4,1833.05
CUST1440,3662.2000000000003,3,3,1220.7333333333333
CUST7943,3658.25,2,2,1829.125
CUST4816,3658.1,2,2,1829.05
CUST1275,3657.3,2,3,1828.65
CUST7805,3657.25,3,3,1219.0833333333333
CUST2060,3657.15,3,3,1219.05
CUST7355,3654.75,3,6,1218.25
CUST4320,3653.25,2,2,1826.625
CUST5598,3647.3,3,3,1215.7666666666667
CUST6838,3637.4,3,3,1212.4666666666667
CUST1477,3637.2,2,3,1818.6
CUST3024,3637.2,2,3,1818.6
CUST3824,3637.2,2,3,1818.6
CUST7208,3637.1,2,3,1818.55
CUST3777,3637.1,2,3,1818.55
CUST3800,3637.1,3,3,1212.3666666666666
CUST2803,3635.45,2,5,1817.725
CUST2984,3631.15,2,4,1815.575
CUST5694,3626.5,2,4,1813.25
CUST4009,3625.7,2,5,1812.85
CUST4029,3618.1,2,2,1809.05
CUST2495,3617.5,2,3,1808.75
CUST1609,3617.2,2,3,1808.6
CUST6183,3617.2,3,3,1205.7333333333333
CUST3181,3617.1,3,3,1205.7
CUST3195,3616.6,2,4,1808.3
CUST1792,3615.8,2,5,1807.9
CUST2636,3613.3500000000004,2,2,1806.6750000000002
CUST2511,3610.25,3,5,1203.4166666666667
CUST4656,3602.25,3,3,1200.75
CUST4318,3598.2,1,2,3598.2
CUST4796,3598.2,2,2,1799.1
CUST3667,3598.2,2,2,1799.1
CUST4632,3598.2,2,2,1799.1
CUST7643,3598.2,1,2,3598.2
CUST1842,3598.2,1,2,3598.2
CUST6918,3598.2,2,2,1799.1
CUST2661,3598.2,1,2,3598.2
CUST3153,3598.2,1,2,3598.2
CUST7780,3598.2,1,2,3598.2
CUST1300,3598.2,2,2,1799.1
CUST3967,3598.2,1,2,3598.2
CUST3796,3598.0,1,2,3598.0
CUST6068,3598.0,1,2,3598.0
CUST1163,3598.0,1,2,3598.0
CUST1314,3598.0,1,2,3598.0
CUST5616,3598.0,1,2,3598.0
CUST3605,3598.0,1,2,3598.0
CUST4467,3598.0,1,2,3598.0
CUST4724,3598.0,2,2,1799.0
CUST5731,3598.0,1,2,3598.0
CUST5401,3598.0,1,2,3598.0
CUST7793,3598.0,1,2,3598.0
CUST6335,3598.0,2,2,1799.0
CUST4659,3597.6,1,3,3597.6
CUST1185,3597.6,1,3,3597.6
CUST7710,3597.5,2,3,1798.75
CUST7013,3597.3,2,3,1798.65
CUST6005,3597.2999999999997,2,3,1798.6499999999999
CUST4513,3597.2,2,3,1798.6
CUST5703,3596.7,2,4,1798.35
CUST1174,3596.4,1,4,3596.4
CUST5901,3596.4,1,4,3596.4
CUST3419,3596.4,1,4,3596.4
CUST6180,3596.1,2,4,1798.05
CUST3075,3596.0,2,4,1798.0
CUST7054,3596.0,1,4,3596.0
CUST6114,3581.25,2,4,1790.625
CUST5966,3578.3,2,2,1789.15
CUST3304,3578.2,2,2,1789.1
CUST7537,3577.5,3,3,1192.5
CUST7938,3577.2,2,3,1788.6
CUST3196,3577.2,2,3,1788.6
CUST3286,3576.3,2,4,1788.15
CUST2186,3573.25,2,2,1786.625
CUST5761,3571.1,3,4,1190.3666666666666
CUST4968,3568.3,2,2,1784.15
CUST7287,3567.5,2,3,1783.75
CUST6628,3567.4500000000003,2,3,1783.7250000000001
CUST2767,3567.4500000000003,3,3,1189.15
CUST3537,3566.6,3,4,1188.8666666666666
CUST2723,3566.3,2,4,1783.15
CUST7210,3566.25,4,4,891.5625
CUST6878,3563.35,2,2,1781.675
CUST3257,3563.25,2,2,1781.625
CUST1283,3562.2,3,3,1187.3999999999999
CUST4932,3555.6,2,5,1777.8
CUST4006,3555.6,2,5,1777.8
CUST4328,3552.25,2,3,1776.125
CUST5356,3548.1,2,2,1774.05
CUST7462,3547.3,3,3,1182.4333333333334
CUST1951,3547.25,2,3,1773.625
CUST6971,3544.7,3,6,1181.5666666666666
CUST5262,3543.05,2,2,1771.525
CUST5900,3542.35,3,3,1180.7833333333333
CUST3439,3542.25,3,3,1180.75
CUST1592,3538.1499999999996,2,2,1769.0749999999998
CUST5543,3536.3500000000004,2,4,1768.1750000000002
CUST2218,3535.2,2,5,1767.6
CUST1543,3531.25,3,4,1177.0833333333333
CUST1016,3527.5,3,3,1175.8333333333333
CUST3797,3527.4,3,3,1175.8
CUST3100,3526.1,2,4,1763.05
CUST2273,3518.4,1,2,3518.4
CUST4421,3518.4,1,2,3518.4
CUST5233,3518.4,1,2,3518.4
CUST6463,3518.25,2,2,1759.125
CUST1419,3518.1499999999996,2,2,1759.0749999999998
CUST3575,3517.3,3,3,1172.4333333333334
CUST3270,3516.2,3,4,1172.0666666666666
CUST3050,3516.15,3,4,1172.05
CUST7313,3515.0,3,6,1171.6666666666667
CUST2466,3514.75,3,6,1171.5833333333333
CUST1996,3507.3500000000004,2,3,1753.6750000000002
CUST5293,3507.3,1,3,3507.3
CUST4973,3507.3,1,3,3507.3
CUST4939,3507.3,1,3,3507.3
CUST6082,3507.3,1,3,3507.3
CUST4022,3507.3,1,3,3507.3
CUST5038,3507.3,1,3,3507.3
CUST3906,3507.3,1,3,3507.3
CUST2293,3507.2999999999997,2,3,1753.6499999999999
CUST6262,3505.1,2,5,1752.55
CUST6805,3503.15,2,2,1751.575
CUST6347,3502.55,2,3,1751.275
CUST4628,3499.0,1,1,3499.0
CUST6635,3499.0,1,1,3499.0
CUST6567,3499.0,1,1,3499.0
CUST2248,3499.0,1,1,3499.0
CUST6602,3499.0,1,1,3499.0
CUST5448,3499.0,1,1,3499.0
CUST7148,3499.0,1,1,3499.0
CUST7083,3499.0,1,1,3499.0
CUST7987,3498.15,2,2,1749.075
CUST5657,3498.0,2,2,1749.0
CUST3736,3496.6,3,4,1165.5333333333333
CUST6749,3496.5,2,4,1748.25
CUST4642,3496.1,2,4,1748.05
CUST7457,3487.25,3,3,1162.4166666666667
CUST2069,3486.6,3,4,1162.2
CUST6030,3486.6,3,4,1162.2
CUST1726,3478.25,2,2,1739.125
CUST1196,3475.8,2,5,1737.9
CUST7679,3474.35,2,6,1737.175
CUST6291,3474.3,2,6,1737.15
CUST7039,3471.3500000000004,3,4,1157.1166666666668
CUST4326,3467.55,2,3,1733.775
CUST4867,3467.1499999999996,3,3,1155.7166666666665
CUST7939,3466.5,2,4,1733.25
CUST7092,3457.4,2,3,1728.7
CUST5395,3448.05,2,2,1724.025
CUST2217,3448.05,2,2,1724.025
CUST5266,3447.25,2,3,1723.625
CUST6066,3447.15,3,3,1149.05
CUST7552,3447.1,2,3,1723.55
CUST3374,3445.8500000000004,2,5,1722.9250000000002
CUST5670,3444.05,2,6,1722.025
CUST4002,3438.3,2,2,1719.15
CUST2549,3438.1,2,2,1719.05
CUST3646,3437.2,2,3,1718.6
CUST6432,3435.6,3,5,1145.2
CUST1101,3435.3999999999996,2,5,1717.6999999999998
CUST1926,3433.05,2,2,1716.525
CUST3997,3431.55,3,4,1143.8500000000001
CUST5682,3428.2,2,2,1714.1
CUST4548,3427.5,2,3,1713.75
CUST6045,3427.1,3,3,1142.3666666666666
CUST4237,3423.15,2,2,1711.575
CUST7085,3418.2,2,2,1709.1
CUST6446,3418.1,1,2,3418.1
CUST4106,3418.1,1,2,3418.1
CUST1127,3418.1,1,2,3418.1
CUST3015,3418.1,1,2,3418.1
CUST5049,3418.1,1,2,3418.1
CUST4486,3417.1499999999996,2,3,1708.5749999999998
CUST7591,3417.1499999999996,2,3,1708.5749999999998
CUST2581,3416.4,2,4,1708.2
CUST5915,3416.4,3,4,1138.8
CUST1852,3416.2,2,4,1708.1
CUST7038,3416.2,1,4,3416.2
CUST3305,3416.1,2,4,1708.05
CUST3790,3415.5,2,5,1707.75
CUST3446,3412.4,3,3,1137.4666666666667
CUST3625,3405.15,4,5,851.2875
CUST1081,3398.3,1,2,3398.3
CUST2931,3398.3,1,2,3398.3
CUST5178,3398.3,1,2,3398.3
CUST3198,3398.3,1,2,3398.3
CUST1027,3398.3,1,2,3398.3
CUST3916,3398.1,2,2,1699.05
CUST6259,3397.2,2,3,1698.6
CUST6746,3397.2,2,3,1698.6
CUST2695,3397.0,2,3,1698.5
CUST1098,3396.6000000000004,2,4,1698.3000000000002
CUST2256,3396.6,1,4,3396.6
CUST7356,3395.75,1,5,3395.75
CUST7734,3391.15,3,4,1130.3833333333334
CUST3045,3387.2,2,3,1693.6
CUST3014,3386.35,3,4,1128.7833333333333
CUST5221,3385.7,3,5,1128.5666666666666
CUST6157,3382.25,2,3,1691.125
CUST5651,3378.2,2,2,1689.1
CUST4298,3377.5,2,3,1688.75
CUST4807,3377.35,2,3,1688.675
CUST5149,3370.45,5,5,674.0899999999999
CUST6388,3368.1,2,2,1684.05
CUST7693,3367.35,3,3,1122.45
CUST6702,3365.5,3,5,1121.8333333333333
CUST1686,3357.15,2,3,1678.575
CUST1050,3356.55,3,4,1118.8500000000001
CUST1567,3352.4500000000003,2,3,1676.2250000000001
CUST3334,3348.1,2,2,1674.05
CUST3939,3343.25,2,2,1671.625
CUST4034,3341.6499999999996,2,4,1670.8249999999998
CUST1560,3338.25,2,2,1669.125
CUST5839,3335.3999999999996,3,5,1111.8
CUST2207,3328.2,2,2,1664.1
CUST7141,3328.15,2,2,1664.075
CUST7310,3328.1499999999996,2,2,1664.0749999999998
CUST6464,3327.3,2,3,1663.65
CUST2302,3327.3,2,3,1663.65
CUST2108,3327.2999999999997,3,3,1109.1
CUST3746,3327.2999999999997,2,3,1663.6499999999999
CUST6063,3327.2999999999997,2,3,1663.6499999999999
CUST4671,3327.2,2,3,1663.6
CUST4103,3326.45,2,4,1663.225
CUST7397,3326.25,2,4,1663.125
CUST7284,3326.25,2,4,1663.125
CUST1390,3326.15,2,4,1663.075
CUST1767,3326.1,2,4,1663.05
CUST7933,3325.65,4,5,831.4125
CUST4040,3324.45,2,6,1662.225
CUST2001,3324.05,1,1,3324.05
CUST1886,3324.05,1,1,3324.05
CUST7641,3324.05,1,1,3324.05
CUST4456,3324.05,1,1,3324.05
CUST6019,3324.05,1,1,3324.05
CUST3397,3324.05,1,1,3324.05
CUST2610,3324.05,1,1,3324.05
CUST2653,3324.05,1,1,3324.05
CUST7280,3324.05,1,1,3324.05
CUST6399,3324.05,1,1,3324.05
CUST5224,3324.05,1,1,3324.05
CUST5080,3324.05,1,1,3324.05
CUST5075,3324.05,1,1,3324.05
CUST7779,3324.05,1,1,3324.05
CUST2606,3324.05,1,1,3324.05
CUST2582,3324.05,1,1,3324.05
CUST1710,3324.05,1,1,3324.05
CUST7496,3324.05,1,1,3324.05
CUST4161,3322.4,3,3,1107.4666666666667
CUST6363,3320.25,1,5,3320.25
CUST5693,3319.2999999999997,4,6,829.8249999999999
CUST1823,3318.25,2,2,1659.125
CUST1208,3318.25,2,2,1659.125
CUST7832,3318.05,2,2,1659.025
CUST1293,3317.2,2,3,1658.6
CUST6935,3316.55,3,4,1105.5166666666667
CUST4452,3315.7,3,5,1105.2333333333333
CUST6904,3315.6,2,5,1657.8
CUST7512,3312.45,1,3,3312.45
CUST5308,3312.45,1,3,3312.45
CUST4940,3312.45,1,3,3312.45
CUST5415,3312.45,1,3,3312.45
CUST5960,3311.5,4,4,827.875
CUST6037,3308.05,2,2,1654.025
CUST5344,3307.05,2,3,1653.525
CUST1624,3303.15,2,2,1651.575
CUST6207,3301.2999999999997,4,4,825.3249999999999
CUST6333,3299.0,1,1,3299.0
CUST5097,3299.0,1,1,3299.0
CUST6379,3299.0,1,1,3299.0
CUST7698,3299.0,1,1,3299.0
CUST4468,3299.0,1,1,3299.0
CUST7139,3299.0,1,1,3299.0
CUST1730,3299.0,1,1,3299.0
CUST5158,3299.0,1,1,3299.0
CUST2430,3299.0,1,1,3299.0
CUST5474,3299.0,1,1,3299.0
CUST5990,3299.0,1,1,3299.0
CUST5626,3298.3500000000004,2,2,1649.1750000000002
CUST6671,3298.0,2,2,1649.0
CUST2561,3298.0,2,2,1649.0
CUST1903,3298.0,2,2,1649.0
CUST4739,3297.2,2,3,1648.6
CUST3945,3297.2,3,3,1099.0666666666666
CUST2956,3297.0,1,3,3297.0
CUST1821,3297.0,1,3,3297.0
CUST2334,3296.6,2,4,1648.3
CUST5945,3296.3,3,4,1098.7666666666667
CUST6669,3295.1,2,5,1647.55
CUST7269,3293.1499999999996,2,2,1646.5749999999998
CUST4363,3292.35,2,3,1646.175
CUST4089,3291.25,4,4,822.8125
CUST4241,3288.3,2,2,1644.15
CUST7570,3287.3500000000004,2,3,1643.6750000000002
CUST4333,3287.05,2,3,1643.525
CUST3192,3286.65,2,4,1643.325
CUST4148,3274.6,3,6,1091.5333333333333
CUST6840,3270.5,3,5,1090.1666666666667
CUST7323,3266.5,3,4,1088.8333333333333
CUST7682,3266.3500000000004,2,4,1633.1750000000002
CUST1238,3262.25,2,3,1631.125
CUST3037,3258.3,2,2,1629.15
CUST5365,3258.2,2,2,1629.1
CUST7705,3249.7,3,6,1083.2333333333333
CUST2105,3248.45,3,7,1082.8166666666666
CUST2502,3248.1499999999996,2,2,1624.0749999999998
CUST3617,3247.3,3,3,1082.4333333333334
CUST5950,3247.2,2,3,1623.6
CUST2338,3245.3,2,5,1622.65
CUST2553,3245.15,2,5,1622.575
CUST3118,3238.2,2,2,1619.1
CUST5119,3238.2,1,2,3238.2
CUST6831,3238.2,1,2,3238.2
CUST1463,3238.2,1,2,3238.2
CUST7696,3238.2,1,2,3238.2
CUST4759,3238.2,2,2,1619.1
CUST1091,3238.2,1,2,3238.2
CUST6365,3238.2,1,2,3238.2
CUST2647,3238.2,1,2,3238.2
CUST3067,3238.2,1,2,3238.2
CUST6105,3238.2,1,2,3238.2
CUST1873,3238.1,2,2,1619.05
CUST7745,3238.1,2,2,1619.05
CUST6783,3237.4,2,3,1618.7
CUST4606,3237.2,2,3,1618.6
CUST5969,3235.35,5,5,647.0699999999999
CUST6252,3228.1000000000004,2,2,1614.0500000000002
CUST2953,3225.25,2,5,1612.625
CUST5721,3222.05,2,3,1611.025
CUST1181,3221.05,2,4,1610.525
CUST7981,3218.3,2,2,1609.15
CUST6777,3218.3,2,2,1609.15
CUST7834,3218.25,2,2,1609.125
CUST5977,3218.1,2,2,1609.05
CUST4928,3217.3999999999996,2,3,1608.6999999999998
CUST7837,3217.35,2,3,1608.675
CUST7982,3216.2,2,4,1608.1
CUST4054,3215.8999999999996,2,5,1607.9499999999998
CUST3991,3207.2,2,3,1603.6
CUST2342,3204.8,4,6,801.2
CUST4681,3198.4,1,2,3198.4
CUST7816,3198.4,1,2,3198.4
CUST6624,3198.4,1,2,3198.4
CUST3716,3198.15,2,2,1599.075
CUST3025,3198.0,1,2,3198.0
CUST4186,3198.0,1,2,3198.0
CUST4110,3198.0,1,2,3198.0
CUST1072,3198.0,1,2,3198.0
CUST7919,3198.0,1,2,3198.0
CUST3849,3197.2,2,3,1598.6
CUST4879,3197.0,2,3,1598.5
CUST3529,3196.8,1,4,3196.8
CUST7929,3196.25,3,4,1065.4166666666667
CUST5697,3196.0,1,4,3196.0
CUST3357,3196.0,2,4,1598.0
CUST7968,3196.0,1,4,3196.0
CUST4829,3194.7,3,6,1064.8999999999999
CUST3254,3192.25,2,3,1596.125
CUST5202,3191.25,2,4,1595.625
CUST6310,3187.2,2,3,1593.6
CUST2811,3186.55,3,4,1062.1833333333334
CUST1797,3183.25,2,2,1591.625
CUST7126,3183.25,2,2,1591.625
CUST4566,3183.15,2,2,1591.575
CUST7605,3177.25,3,3,1059.0833333333333
CUST2292,3177.1,2,3,1588.55
CUST5278,3177.1,2,3,1588.55
CUST5664,3176.2,2,4,1588.1
CUST4225,3171.3500000000004,2,4,1585.6750000000002
CUST7826,3168.2,2,2,1584.1
CUST2000,3168.15,2,2,1584.075
CUST6380,3167.1,2,3,1583.55
CUST4547,3167.05,2,3,1583.525
CUST1160,3167.05,2,3,1583.525
CUST2714,3166.35,2,4,1583.175
CUST3469,3166.25,3,4,1055.4166666666667
CUST5973,3157.15,3,3,1052.3833333333334
CUST1715,3157.1,3,3,1052.3666666666666
CUST4397,3156.6000000000004,2,4,1578.3000000000002
CUST7683,3154.4,3,6,1051.4666666666667
CUST6528,3152.1000000000004,3,3,1050.7
CUST3033,3149.1,1,1,3149.1
CUST1325,3149.1,1,1,3149.1
CUST5910,3149.1,1,1,3149.1
CUST7547,3149.1,1,1,3149.1
CUST2988,3149.1,1,1,3149.1
CUST6898,3149.1,1,1,3149.1
CUST4865,3149.1,1,1,3149.1
CUST6547,3149.1,1,1,3149.1
CUST7918,3149.1,1,1,3149.1
CUST2278,3149.1,1,1,3149.1
CUST4957,3149.1,1,1,3149.1
CUST7020,3149.1,1,1,3149.1
CUST5524,3149.1,1,1,3149.1
CUST5845,3148.2,2,2,1574.1
CUST7986,3148.2,2,2,1574.1
CUST6309,3148.1,2,2,1574.05
CUST2452,3148.05,2,2,1574.025
CUST3058,3147.3,2,3,1573.65
CUST3226,3147.3,2,3,1573.65
CUST3585,3147.2999999999997,2,3,1573.6499999999999
CUST6073,3147.25,2,3,1573.625
CUST6854,3146.1,3,4,1048.7
CUST5121,3145.5,1,5,3145.5
CUST2999,3142.4,3,3,1047.4666666666667
CUST6595,3138.2000000000003,2,2,1569.1000000000001
CUST4279,3137.25,3,3,1045.75
CUST1614,3136.3999999999996,3,4,1045.4666666666665
CUST6135,3136.15,3,4,1045.3833333333334
CUST2973,3134.05,1,1,3134.05
CUST5911,3134.05,1,1,3134.05
CUST4246,3134.05,1,1,3134.05
CUST5629,3134.05,1,1,3134.05
CUST6472,3134.05,1,1,3134.05
CUST7993,3134.05,1,1,3134.05
CUST5514,3134.05,1,1,3134.05
CUST7828,3134.05,1,1,3134.05
CUST5766,3134.05,1,1,3134.05
CUST6134,3133.1000000000004,2,2,1566.5500000000002
CUST2788,3131.2,2,4,1565.6
CUST4234,3127.15,3,3,1042.3833333333334
CUST3279,3125.05,3,6,1041.6833333333334
CUST1815,3123.2,2,2,1561.6
CUST5321,3122.35,2,3,1561.175
CUST7635,3118.1,2,2,1559.05
CUST7884,3117.6000000000004,2,3,1558.8000000000002
CUST1336,3117.6,1,3,3117.6
CUST3937,3116.7,2,4,1558.35
CUST6531,3114.35,3,6,1038.1166666666666
CUST5482,3111.35,3,4,1037.1166666666666
CUST2363,3106.15,3,4,1035.3833333333334
CUST2133,3104.5,2,6,1552.25
CUST4603,3103.1499999999996,2,2,1551.5749999999998
CUST5744,3098.1,2,2,1549.05
CUST7159,3098.0,2,2,1549.0
CUST2505,3098.0,2,2,1549.0
CUST4633,3097.25,2,3,1548.625
CUST3307,3097.0,3,3,1032.3333333333333
CUST6823,3095.5499999999997,3,5,1031.85
CUST5152,3092.55,3,3,1030.8500000000001
CUST1482,3090.55,2,5,1545.275
CUST6299,3077.2,2,3,1538.6
CUST3978,3073.8,2,7,1536.9
CUST7760,3073.15,2,2,1536.575
CUST1234,3072.3500000000004,3,3,1024.1166666666668
CUST4649,3072.25,2,3,1536.125
CUST2997,3072.15,2,3,1536.075
CUST1502,3068.05,2,2,1534.025
CUST5996,3068.05,2,2,1534.025
CUST1774,3067.25,3,3,1022.4166666666666
CUST1665,3066.35,4,4,766.5875
CUST4193,3062.45,2,3,1531.225
CUST4820,3062.3500000000004,2,3,1531.1750000000002
CUST2078,3061.25,3,4,1020.4166666666666
CUST5207,3058.3,1,2,3058.3
CUST6610,3058.3,1,2,3058.3
CUST5095,3058.3,1,2,3058.3
CUST1442,3058.3,1,2,3058.3
CUST1535,3058.3,1,2,3058.3
CUST4098,3058.3,1,2,3058.3
CUST1719,3058.3,1,2,3058.3
CUST7727,3057.5,2,3,1528.75
CUST6562,3057.2999999999997,3,3,1019.0999999999999
CUST2493,3056.3999999999996,3,4,1018.7999999999998
CUST2260,3055.5,3,5,1018.5
CUST3347,3054.9,3,6,1018.3000000000001
CUST3239,3051.5,2,4,1525.75
CUST1194,3041.35,3,4,1013.7833333333333
CUST2986,3038.1,1,2,3038.1
CUST1187,3038.1,1,2,3038.1
CUST1630,3038.1,1,2,3038.1
CUST3178,3038.1,1,2,3038.1
CUST4641,3037.1,2,3,1518.55
CUST6006,3035.6,3,5,1011.8666666666667
CUST7561,3028.15,2,2,1514.075
CUST1803,3024.8,3,6,1008.2666666666668
CUST5485,3023.25,2,2,1511.625
CUST3072,3023.1499999999996,2,2,1511.5749999999998
CUST2400,3020.05,2,5,1510.025
CUST7367,3016.3,3,4,1005.4333333333334
CUST4108,3015.45,2,5,1507.725
CUST1356,3013.25,2,2,1506.625
CUST4036,3008.15,2,2,1504.075
CUST2668,3008.1499999999996,2,2,1504.0749999999998
CUST3158,3007.2,2,3,1503.6
CUST1814,3003.3500000000004,2,2,1501.6750000000002
CUST3099,2998.2,2,2,1499.1
CUST4976,2998.0,1,2,2998.0
CUST7659,2998.0,2,2,1499.0
CUST1761,2998.0,1,2,2998.0
CUST6336,2998.0,1,2,2998.0
CUST5885,2998.0,1,2,2998.0
CUST6948,2998.0,1,2,2998.0
CUST3812,2998.0,1,2,2998.0
CUST6268,2998.0,2,2,1499.0
CUST3289,2998.0,1,2,2998.0
CUST6328,2998.0,1,2,2998.0
CUST7455,2998.0,2,2,1499.0
CUST3497,2998.0,1,2,2998.0
CUST3203,2998.0,1,2,2998.0
CUST2120,2998.0,1,2,2998.0
CUST1261,2998.0,2,2,1499.0
CUST7158,2998.0,1,2,2998.0
CUST6499,2998.0,1,2,2998.0
CUST4861,2998.0,1,2,2998.0
CUST2669,2998.0,1,2,2998.0
CUST3844,2997.1,2,3,1498.55
CUST3338,2997.0,1,3,2997.0
CUST4000,2997.0,1,3,2997.0
CUST4757,2997.0,1,3,2997.0
CUST2948,2996.7,2,4,1498.35
CUST7186,2996.2,3,4,998.7333333333332
CUST1587,2995.0,1,5,2995.0
CUST4374,2990.15,3,5,996.7166666666667
CUST6004,2988.1,2,2,1494.05
CUST3008,2987.2,2,3,1493.6
CUST2754,2987.1,2,3,1493.55
CUST6338,2987.1,2,3,1493.55
CUST2975,2978.2,2,2,1489.1
CUST5565,2977.25,3,3,992.4166666666666
CUST3012,2974.15,1,1,2974.15
CUST2254,2974.15,1,1,2974.15
CUST5389,2974.15,1,1,2974.15
CUST3855,2973.05,2,2,1486.525
CUST3813,2972.4500000000003,2,3,1486.2250000000001
CUST2407,2972.45,2,3,1486.225
CUST7600,2972.45,2,3,1486.225
CUST7121,2969.55,3,6,989.85
CUST3290,2969.1,1,1,2969.1
CUST5364,2969.1,1,1,2969.1
CUST6422,2969.1,1,1,2969.1
CUST3742,2969.1,1,1,2969.1
CUST7606,2969.1,1,1,2969.1
CUST2367,2969.1,1,1,2969.1
CUST2617,2969.1,1,1,2969.1
CUST2305,2969.1,1,1,2969.1
CUST3753,2969.1,1,1,2969.1
CUST7401,2969.1,1,1,2969.1
CUST6227,2969.1,1,1,2969.1
CUST7879,2968.25,2,2,1484.125
CUST7868,2968.2,2,2,1484.1
CUST6427,2968.2,2,2,1484.1
CUST5059,2968.2,2,2,1484.1
CUST5103,2968.1,2,2,1484.05
CUST2183,2967.3,1,3,2967.3
CUST5706,2966.3999999999996,2,4,1483.1999999999998
CUST7301,2965.35,3,5,988.4499999999999
CUST1677,2964.55,3,6,988.1833333333334
CUST7686,2961.45,3,4,987.15
CUST1104,2958.25,2,2,1479.125
CUST4595,2956.4,2,4,1478.2
CUST1001,2955.9,2,5,1477.95
CUST2936,2954.4,2,6,1477.2
CUST5131,2953.2,2,2,1476.6
CUST6368,2948.1,2,2,1474.05
CUST5451,2947.5,2,3,1473.75
CUST6910,2947.25,3,3,982.4166666666666
CUST4117,2947.1,2,3,1473.55
CUST1191,2944.5,2,6,1472.25
CUST5445,2943.1000000000004,2,2,1471.5500000000002
CUST1340,2942.1499999999996,3,3,980.7166666666666
CUST6807,2941.45,3,4,980.4833333333332
CUST7297,2937.2,2,3,1468.6
CUST5332,2937.2,3,3,979.0666666666666
CUST3818,2936.6,2,4,1468.3
CUST3199,2932.35,2,3,1466.175
CUST1537,2926.4,4,4,731.6
CUST4447,2926.1,2,4,1463.05
CUST2124,2918.1,2,2,1459.05
CUST5921,2918.1,2,2,1459.05
CUST6981,2916.3,2,4,1458.15
CUST2411,2907.15,3,3,969.0500000000001
CUST6352,2907.05,2,3,1453.525
CUST6493,2902.3500000000004,2,3,1451.1750000000002
CUST6481,2898.3,2,2,1449.15
CUST5238,2898.3,2,2,1449.15
CUST3578,2898.2,2,2,1449.1
CUST1793,2898.1,2,2,1449.05
CUST7359,2898.1,2,2,1449.05
CUST2020,2897.55,3,3,965.85
CUST2588,2897.4,2,3,1448.7
CUST5237,2896.45,3,4,965.4833333333332
CUST1041,2896.3,2,4,1448.15
CUST5802,2887.45,2,3,1443.725
CUST5819,2887.3500000000004,3,3,962.4500000000002
CUST3363,2885.7,3,5,961.9
CUST4424,2883.2000000000003,2,2,1441.6000000000001
CUST7362,2878.4,1,2,2878.4
CUST7699,2878.4,1,2,2878.4
CUST7438,2878.4,1,2,2878.4
CUST4092,2878.4,1,2,2878.4
CUST5040,2878.4,1,2,2878.4
CUST6578,2878.4,1,2,2878.4
CUST4811,2878.4,1,2,2878.4
CUST3988,2878.4,1,2,2878.4
CUST7514,2878.2,1,2,2878.2
CUST6928,2878.2,1,2,2878.2
CUST3021,2878.2,1,2,2878.2
CUST5001,2878.2,1,2,2878.2
CUST1372,2878.1499999999996,2,2,1439.0749999999998
CUST3837,2878.1,2,2,1439.05
CUST4283,2877.3,2,3,1438.65
CUST4156,2877.3,2,3,1438.65
CUST4294,2877.3,2,3,1438.65
CUST6312,2877.2,3,3,959.0666666666666
CUST1331,2877.15,3,3,959.0500000000001
CUST3000,2876.4,2,4,1438.2
CUST4314,2875.5,2,5,1437.75
CUST2727,2875.5,2,5,1437.75
CUST3291,2868.25,2,2,1434.125
CUST4287,2863.1499999999996,2,2,1431.5749999999998
CUST2615,2862.55,2,3,1431.275
CUST6264,2858.1,2,2,1429.05
CUST6862,2855.4,2,5,1427.7
CUST7953,2848.1,1,2,2848.1
CUST2358,2848.1,1,2,2848.1
CUST6331,2848.1,1,2,2848.1
CUST7822,2848.1,2,2,1424.05
CUST7088,2848.1,2,2,1424.05
CUST4097,2848.1,1,2,2848.1
CUST5551,2848.1,2,2,1424.05
CUST4371,2848.1,1,2,2848.1
CUST6471,2848.1,1,2,2848.1
CUST7663,2848.1,2,2,1424.05
CUST2805,2848.1,2,2,1424.05
CUST6021,2848.1,1,2,2848.1
CUST7759,2848.1,1,2,2848.1
CUST4082,2847.15,1,3,2847.15
CUST4444,2847.15,2,3,1423.575
CUST5752,2847.15,2,3,1423.575
CUST2243,2846.1,3,4,948.6999999999999
CUST2222,2845.7,2,5,1422.85
CUST2663,2845.25,1,5,2845.25
CUST1978,2845.25,3,5,948.4166666666666
CUST6848,2843.25,2,2,1421.625
CUST6853,2838.15,2,2,1419.075
CUST7851,2836.15,3,4,945.3833333333333
CUST1279,2836.1,3,4,945.3666666666667
CUST2451,2835.55,2,5,1417.775
CUST4562,2832.2,3,3,944.0666666666666
CUST2728,2828.1,2,2,1414.05
CUST5743,2823.15,2,2,1411.575
CUST6195,2823.15,2,2,1411.575
CUST2284,2821.5,4,4,705.375
CUST5127,2820.15,2,5,1410.075
CUST3134,2818.1499999999996,2,2,1409.0749999999998
CUST3961,2817.3999999999996,2,3,1408.6999999999998
CUST1290,2817.3999999999996,2,3,1408.6999999999998
CUST3112,2816.5,2,4,1408.25
CUST2547,2815.2999999999997,2,5,1407.6499999999999
CUST6710,2812.4500000000003,3,3,937.4833333333335
CUST7901,2812.1499999999996,3,3,937.3833333333332
CUST4565,2808.05,2,2,1404.025
CUST6663,2807.25,2,3,1403.625
CUST3367,2806.15,2,4,1403.075
CUST2607,2804.15,1,1,2804.15
CUST3062,2804.15,1,1,2804.15
CUST2365,2804.15,1,1,2804.15
CUST3475,2804.15,1,1,2804.15
CUST3943,2803.3,2,2,1401.65
CUST1753,2802.45,1,3,2802.45
CUST7433,2799.2,1,1,2799.2
CUST2398,2799.2,1,1,2799.2
CUST6806,2799.2,1,1,2799.2
CUST1748,2799.2,1,1,2799.2
CUST7204,2799.2,1,1,2799.2
CUST2093,2799.2,1,1,2799.2
CUST2807,2799.2,1,1,2799.2
CUST6150,2798.4,2,2,1399.2
CUST7990,2798.4,2,2,1399.2
CUST1959,2798.15,2,2,1399.075
CUST5227,2798.0,2,2,1399.0
CUST6771,2798.0,2,2,1399.0
CUST1445,2798.0,2,2,1399.0
CUST6255,2797.2,2,3,1398.6
CUST7128,2797.2,3,3,932.4
CUST7009,2796.0,1,4,2796.0
CUST1913,2791.5499999999997,3,4,930.5166666666665
CUST3238,2788.2,2,2,1394.1
CUST3545,2788.2,2,2,1394.1
CUST6027,2787.3,2,3,1393.65
CUST7554,2786.3,2,4,1393.15
CUST5884,2785.65,3,5,928.5500000000001
CUST7175,2782.1,3,3,927.3666666666667
CUST6955,2777.1,2,3,1388.55
CUST7802,2775.65,4,5,693.9125
CUST7592,2773.15,2,2,1386.575
CUST2886,2771.45,2,4,1385.725
CUST3673,2763.15,2,2,1381.575
CUST1051,2755.8,2,5,1377.9
CUST3539,2755.4,2,5,1377.7
CUST3956,2755.2,2,5,1377.6
CUST3335,2751.2,2,4,1375.6
CUST5177,2751.05,3,4,917.0166666666668
CUST5314,2748.1,2,2,1374.05
CUST2646,2748.1,2,2,1374.05
CUST6539,2748.05,2,2,1374.025
CUST7823,2747.4,2,3,1373.7
CUST3477,2743.2,2,2,1371.6
CUST4670,2738.1499999999996,2,2,1369.0749999999998
CUST2523,2737.25,2,3,1368.625
CUST2110,2737.25,3,3,912.4166666666666
CUST1398,2736.1,2,4,1368.05
CUST4574,2727.15,3,3,909.0500000000001
CUST6920,2725.45,2,5,1362.725
CUST2002,2723.25,2,2,1361.625
CUST5486,2723.25,2,2,1361.625
CUST3438,2723.05,2,2,1361.525
CUST4690,2718.3,1,2,2718.3
CUST2637,2718.3,1,2,2718.3
CUST5692,2718.3,1,2,2718.3
CUST5244,2718.3,1,2,2718.3
CUST3251,2718.3,1,2,2718.3
CUST7493,2718.3,1,2,2718.3
CUST2944,2717.1,2,3,1358.55
CUST2977,2716.6,1,4,2716.6
CUST1949,2713.25,2,2,1356.625
CUST2671,2708.25,2,2,1354.125
CUST1682,2708.15,2,2,1354.075
CUST5792,2705.3,2,5,1352.65
CUST5410,2701.5,3,4,900.5
CUST4206,2698.2,1,2,2698.2
CUST1431,2698.2,1,2,2698.2
CUST7532,2698.2,1,2,2698.2
CUST2141,2698.2,1,2,2698.2
CUST7245,2698.2,1,2,2698.2
CUST1301,2698.2,1,2,2698.2
CUST2053,2698.2,1,2,2698.2
CUST6228,2698.2,1,2,2698.2
CUST6387,2698.1,2,2,1349.05
CUST7861,2697.3,1,3,2697.3
CUST3771,2697.3,1,3,2697.3
CUST3762,2697.3,1,3,2697.3
CUST6192,2697.3,1,3,2697.3
CUST4429,2697.3,1,3,2697.3
CUST6181,2697.3,1,3,2697.3
CUST6476,2697.0,1,3,2697.0
CUST1561,2697.0,1,3,2697.0
CUST4762,2697.0,2,3,1348.5
CUST1334,2697.0,1,3,2697.0
CUST4205,2697.0,2,3,1348.5
CUST1591,2696.6,3,4,898.8666666666667
CUST4540,2696.3999999999996,2,4,1348.1999999999998
CUST3533,2696.0,2,4,1348.0
CUST4732,2695.5,1,5,2695.5
CUST7483,2695.5,1,5,2695.5
CUST7150,2695.5,3,5,898.5
CUST1410,2691.5,3,4,897.1666666666666
CUST2033,2687.3,2,3,1343.65
CUST4997,2687.1,2,3,1343.55
CUST3526,2686.7,3,4,895.5666666666666
CUST3194,2678.35,2,2,1339.175
CUST4236,2678.25,2,2,1339.125
CUST1183,2677.4,2,3,1338.7
CUST2100,2677.2,3,3,892.4
CUST7086,2675.2,4,5,668.8
CUST4427,2673.25,2,2,1336.625
CUST7385,2671.2,3,4,890.4
CUST6140,2667.3,3,3,889.1
CUST1939,2667.25,2,3,1333.625
CUST2017,2658.15,2,2,1329.075
CUST1149,2658.1,2,2,1329.05
CUST3702,2658.1,2,2,1329.05
CUST6109,2657.55,2,3,1328.775
CUST5695,2657.1499999999996,2,3,1328.5749999999998
CUST7274,2657.1499999999996,2,3,1328.5749999999998
CUST4664,2651.05,2,4,1325.525
CUST1022,2648.25,2,2,1324.125
CUST1997,2642.45,2,3,1321.225
CUST2520,2642.25,2,3,1321.125
CUST5295,2639.2,1,1,2639.2
CUST7974,2639.2,1,1,2639.2
CUST6809,2639.2,1,1,2639.2
CUST4132,2639.2,1,1,2639.2
CUST3213,2637.6,1,3,2637.6
CUST3867,2628.15,2,2,1314.075
CUST6250,2628.15,2,2,1314.075
CUST2427,2627.5,2,3,1313.75
CUST2820,2624.1,3,6,874.6999999999999
CUST2919,2623.2,2,2,1311.6
CUST1329,2622.05,2,3,1311.025
CUST7579,2618.1,2,2,1309.05
CUST6018,2618.1,2,2,1309.05
CUST6381,2618.1,2,2,1309.05
CUST1500,2611.55,3,4,870.5166666666668
CUST6959,2610.55,3,5,870.1833333333334
CUST7725,2608.2,2,2,1304.1
CUST5717,2608.2,2,2,1304.1
CUST3323,2608.2,2,2,1304.1
CUST5793,2608.2,2,2,1304.1
CUST6318,2608.2,2,2,1304.1
CUST6769,2607.2,2,3,1303.6
CUST1247,2598.1,2,2,1299.05
CUST1927,2598.0,2,2,1299.0
CUST6651,2598.0,1,2,2598.0
CUST1178,2598.0,1,2,2598.0
CUST6275,2598.0,1,2,2598.0
CUST6050,2598.0,1,2,2598.0
CUST2855,2598.0,1,2,2598.0
CUST7580,2598.0,1,2,2598.0
CUST4310,2598.0,1,2,2598.0
CUST6033,2598.0,2,2,1299.0
CUST2982,2598.0,1,2,2598.0
CUST6740,2598.0,1,2,2598.0
CUST4188,2598.0,1,2,2598.0
CUST6943,2597.1,2,3,1298.55
CUST1045,2597.0,2,3,1298.5
CUST3772,2595.4,3,5,865.1333333333333
CUST7235,2588.25,2,2,1294.125
CUST6032,2583.1499999999996,2,2,1291.5749999999998
CUST1239,2583.1499999999996,2,2,1291.5749999999998
CUST7949,2578.1,2,2,1289.05
CUST6201,2577.3,3,3,859.1
CUST6717,2577.2,2,3,1288.6
CUST3121,2577.2,2,3,1288.6
CUST6239,2568.25,2,2,1284.125
CUST6695,2568.1499999999996,2,2,1284.0749999999998
CUST1526,2568.05,2,2,1284.025
CUST6906,2568.05,2,2,1284.025
CUST6176,2567.05,2,3,1283.525
CUST4847,2566.3,2,4,1283.15
CUST3508,2563.1,2,2,1281.55
CUST7316,2563.1,2,2,1281.55
CUST5468,2562.15,1,3,2562.15
CUST3209,2562.15,1,3,2562.15
CUST4517,2558.1499999999996,2,2,1279.0749999999998
CUST3890,2557.05,2,3,1278.525
CUST3460,2556.6,2,4,1278.3
CUST1625,2548.3,1,2,2548.3
CUST2974,2548.3,1,2,2548.3
CUST3379,2548.3,1,2,2548.3
CUST6295,2548.3,1,2,2548.3
CUST5812,2548.3,1,2,2548.3
CUST5575,2548.3,1,2,2548.3
CUST1693,2548.3,1,2,2548.3
CUST6893,2548.3,1,2,2548.3
CUST4288,2548.3,1,2,2548.3
CUST7360,2548.3,1,2,2548.3
CUST4388,2548.25,2,2,1274.125
CUST1690,2547.45,1,3,2547.45
CUST3836,2547.45,1,3,2547.45
CUST5716,2547.45,1,3,2547.45
CUST2658,2547.45,1,3,2547.45
CUST5303,2547.45,1,3,2547.45
CUST7755,2547.45,1,3,2547.45
CUST3910,2546.35,3,4,848.7833333333333
CUST4577,2538.2,2,2,1269.1
CUST6404,2538.1,2,2,1269.05
CUST6649,2537.3999999999996,2,3,1268.6999999999998
CUST2267,2533.05,2,2,1266.525
CUST1422,2528.15,2,2,1264.075
CUST2015,2523.35,2,2,1261.675
CUST5961,2523.15,2,2,1261.575
CUST7978,2522.35,3,3,840.7833333333333
CUST3707,2521.15,2,4,1260.575
CUST7631,2518.25,2,2,1259.125
CUST5386,2518.2,2,2,1259.1
CUST6367,2517.3,3,3,839.1
CUST4344,2517.3,2,3,1258.65
CUST6512,2517.3,2,3,1258.65
CUST5416,2517.3,2,3,1258.65
CUST1418,2517.2,2,3,1258.6
CUST4010,2517.2,2,3,1258.6
CUST5204,2516.4,1,4,2516.4
CUST5630,2516.4,1,4,2516.4
CUST2435,2516.4,2,4,1258.2
CUST2240,2516.3,2,4,1258.15
CUST1775,2508.15,2,2,1254.075
CUST7597,2499.0,1,1,2499.0
CUST2657,2499.0,1,1,2499.0
CUST6162,2499.0,1,1,2499.0
CUST7004,2499.0,1,1,2499.0
CUST4319,2499.0,1,1,2499.0
CUST7093,2499.0,1,1,2499.0
CUST4658,2499.0,1,1,2499.0
CUST6914,2499.0,1,1,2499.0
CUST6278,2499.0,1,1,2499.0
CUST1002,2499.0,1,1,2499.0
CUST6034,2499.0,1,1,2499.0
CUST5992,2499.0,1,1,2499.0
CUST7709,2499.0,1,1,2499.0
CUST5618,2499.0,1,1,2499.0
CUST3300,2499.0,1,1,2499.0
CUST7539,2499.0,1,1,2499.0
CUST2463,2499.0,1,1,2499.0
CUST2484,2499.0,1,1,2499.0
CUST3361,2499.0,1,1,2499.0
CUST7941,2499.0,1,1,2499.0
CUST1700,2499.0,1,1,2499.0
CUST3193,2499.0,1,1,2499.0
CUST1324,2499.0,1,1,2499.0
CUST3838,2498.3,2,2,1249.15
CUST7678,2498.3,2,2,1249.15
CUST3556,2498.2,2,2,1249.1
CUST5463,2498.05,2,2,1249.025
CUST2221,2498.0,2,2,1249.0
CUST6323,2497.1,2,3,1248.55
CUST4627,2496.4500000000003,2,4,1248.2250000000001
CUST4886,2495.0,1,5,2495.0
CUST1496,2486.3,2,4,1243.15
CUST7398,2485.85,2,5,1242.925
CUST4557,2482.25,3,3,827.4166666666666
CUST2662,2478.4,2,2,1239.2
CUST1880,2478.2,2,2,1239.1
CUST4934,2477.6000000000004,2,3,1238.8000000000002
CUST1421,2477.2,3,3,825.7333333333332
CUST6015,2476.2,4,4,619.05
CUST6763,2474.6,2,6,1237.3
CUST3496,2471.15,2,4,1235.575
CUST2828,2468.1,1,2,2468.1
CUST3390,2468.1,1,2,2468.1
CUST2517,2468.1,1,2,2468.1
CUST1723,2468.1,1,2,2468.1
CUST7084,2468.1,1,2,2468.1
CUST5288,2468.1,2,2,1234.05
CUST4707,2468.1,1,2,2468.1
CUST4699,2466.2,2,4,1233.1
CUST4398,2466.2,3,4,822.0666666666666
CUST3708,2465.25,2,5,1232.625
CUST2949,2463.05,2,2,1231.525
CUST2698,2455.6,3,5,818.5333333333333
CUST2776,2448.15,2,2,1224.075
CUST7571,2448.1,2,2,1224.05
CUST1175,2447.15,2,3,1223.575
CUST1144,2442.35,2,3,1221.175
CUST4101,2441.1499999999996,3,4,813.7166666666666
CUST4460,2438.2,2,2,1219.1
CUST1335,2438.15,2,2,1219.075
CUST7484,2438.1,2,2,1219.05
CUST6048,2437.4,2,3,1218.7
CUST1379,2437.2,2,3,1218.6
CUST2952,2428.25,2,2,1214.125
CUST7824,2428.2,2,2,1214.1
CUST3711,2428.2,2,2,1214.1
CUST7821,2428.15,2,2,1214.075
CUST4475,2427.5,2,3,1213.75
CUST2027,2427.4,3,3,809.1333333333333
CUST2712,2427.3,1,3,2427.3
CUST1839,2427.3,2,3,1213.65
CUST1808,2427.3,1,3,2427.3
CUST2067,2427.3,1,3,2427.3
CUST5299,2427.1,2,3,1213.55
CUST4160,2426.25,2,4,1213.125
CUST7234,2425.5,2,5,1212.75
CUST6205,2423.15,2,2,1211.575
CUST6086,2423.05,2,2,1211.525
CUST3319,2422.35,2,3,1211.175
CUST7757,2418.3,2,2,1209.15
CUST1783,2418.15,2,2,1209.075
CUST3621,2418.1,2,2,1209.05
CUST7340,2417.2,2,3,1208.6
CUST7349,2417.2,3,3,805.7333333333332
CUST1404,2412.15,3,3,804.0500000000001
CUST3704,2408.05,2,2,1204.025
CUST4335,2398.4,1,2,2398.4
CUST7201,2398.4,1,2,2398.4
CUST3682,2398.4,1,2,2398.4
CUST6504,2398.1,2,2,1199.05
CUST7306,2398.1,2,2,1199.05
CUST6106,2398.0,2,2,1199.0
CUST6720,2398.0,2,2,1199.0
CUST4340,2398.0,2,2,1199.0
CUST7251,2397.6,1,3,2397.6
CUST3885,2397.6,1,3,2397.6
CUST5021,2397.6,1,3,2397.6
CUST2574,2397.6,1,3,2397.6
CUST6963,2397.6,1,3,2397.6
CUST1904,2397.6,1,3,2397.6
CUST7402,2397.2,2,3,1198.6
CUST5335,2397.0,1,3,2397.0
CUST6051,2397.0,1,3,2397.0
CUST5392,2397.0,1,3,2397.0
CUST7972,2397.0,1,3,2397.0
CUST7719,2396.0,1,4,2396.0
CUST1308,2396.0,1,4,2396.0
CUST2447,2396.0,1,4,2396.0
CUST3156,2396.0,1,5,2396.0
CUST4052,2393.15,2,2,1196.575
CUST7048,2388.3,2,2,1194.15
CUST1762,2383.2,2,2,1191.6
CUST1491,2382.15,3,3,794.0500000000001
CUST5358,2378.3,2,2,1189.15
CUST4985,2378.1499999999996,2,2,1189.0749999999998
CUST5254,2377.25,3,3,792.4166666666666
CUST1968,2374.05,1,1,2374.05
CUST7305,2374.05,1,1,2374.05
CUST7880,2374.05,1,1,2374.05
CUST5878,2374.05,1,1,2374.05
CUST3069,2374.05,1,1,2374.05
CUST6826,2374.05,1,1,2374.05
CUST3963,2374.05,1,1,2374.05
CUST4071,2374.05,1,1,2374.05
CUST3031,2374.05,1,1,2374.05
CUST6058,2374.05,1,1,2374.05
CUST4696,2374.05,1,1,2374.05
CUST4023,2374.05,1,1,2374.05
CUST4240,2374.05,1,1,2374.05
CUST3364,2374.05,1,1,2374.05
CUST7931,2374.05,1,1,2374.05
CUST1455,2374.05,1,1,2374.05
CUST1868,2374.05,1,1,2374.05
CUST2856,2374.05,1,1,2374.05
CUST5627,2370.25,1,5,2370.25
CUST6036,2368.1499999999996,2,2,1184.0749999999998
CUST3734,2368.1499999999996,2,2,1184.0749999999998
CUST5956,2363.2,2,2,1181.6
CUST6756,2358.15,2,2,1179.075
CUST1131,2358.15,2,2,1179.075
CUST7043,2357.4,2,3,1178.7
CUST1702,2357.2,2,3,1178.6
CUST6242,2347.5,2,3,1173.75
CUST1675,2347.2,2,3,1173.6
CUST7747,2347.1,3,3,782.3666666666667
CUST6584,2343.05,2,2,1171.525
CUST3960,2338.35,2,2,1169.175
CUST1493,2338.2,2,2,1169.1
CUST3678,2338.2,1,2,2338.2
CUST3680,2338.2,1,2,2338.2
CUST1897,2338.2,1,2,2338.2
CUST1539,2338.2,1,2,2338.2
CUST5912,2338.2,2,2,1169.1
CUST1106,2338.2,1,2,2338.2
CUST5892,2338.2,1,2,2338.2
CUST6395,2338.2,1,2,2338.2
CUST6722,2338.2,1,2,2338.2
CUST3613,2338.2,1,2,2338.2
CUST1339,2338.2,1,2,2338.2
CUST7184,2338.2,1,2,2338.2
CUST4740,2338.2,2,2,1169.1
CUST6941,2338.15,2,2,1169.075
CUST4723,2338.1,2,2,1169.05
CUST1983,2336.4,2,4,1168.2
CUST2161,2336.1,2,4,1168.05
CUST4815,2335.5,2,5,1167.75
CUST6998,2332.4,3,3,777.4666666666667
CUST1556,2327.4,3,3,775.8000000000001
CUST7707,2318.25,2,2,1159.125
CUST2613,2318.2,2,2,1159.1
CUST4975,2317.3,3,3,772.4333333333334
CUST2530,2317.3,3,3,772.4333333333334
CUST2918,2308.15,2,2,1154.075
CUST1692,2307.35,2,3,1153.675
CUST2138,2307.35,2,3,1153.675
CUST6267,2298.1,2,2,1149.05
CUST1086,2298.0,2,2,1149.0
CUST2131,2298.0,2,2,1149.0
CUST7298,2292.45,2,3,1146.225
CUST4276,2292.45,1,3,2292.45
CUST4392,2291.6,2,4,1145.8
CUST4850,2288.25,2,2,1144.125
CUST4273,2288.2,2,2,1144.1
CUST5836,2278.1,2,2,1139.05
CUST2747,2277.15,1,3,2277.15
CUST5190,2277.15,2,3,1138.575
CUST2957,2274.3,2,6,1137.15
CUST4683,2268.35,2,2,1134.175
CUST7449,2268.1,2,2,1134.05
CUST7998,2263.15,2,2,1131.575
CUST4693,2262.25,3,3,754.0833333333334
CUST4930,2257.2,3,3,752.4
CUST6425,2257.2,2,3,1128.6
CUST3668,2249.1,1,1,2249.1
CUST3846,2249.1,1,1,2249.1
CUST5409,2249.1,1,1,2249.1
CUST7165,2249.1,1,1,2249.1
CUST6319,2249.1,1,1,2249.1
CUST5411,2249.1,1,1,2249.1
CUST1905,2249.1,1,1,2249.1
CUST2898,2249.1,1,1,2249.1
CUST1825,2249.1,1,1,2249.1
CUST6915,2249.1,1,1,2249.1
CUST4489,2249.1,1,1,2249.1
CUST7647,2249.1,1,1,2249.1
CUST2795,2249.1,1,1,2249.1
CUST7894,2249.1,1,1,2249.1
CUST4158,2249.1,1,1,2249.1
CUST6949,2249.1,1,1,2249.1
CUST5151,2249.1,1,1,2249.1
CUST2858,2249.1,1,1,2249.1
CUST7652,2249.1,1,1,2249.1
CUST5801,2249.1,1,1,2249.1
CUST2600,2249.1,1,1,2249.1
CUST1017,2249.1,1,1,2249.1
CUST3888,2249.1,1,1,2249.1
CUST5397,2249.1,1,1,2249.1
CUST5926,2249.1,1,1,2249.1
CUST5307,2249.1,1,1,2249.1
CUST5045,2249.1,1,1,2249.1
CUST6160,2249.1,1,1,2249.1
CUST7762,2249.1,1,1,2249.1
CUST3148,2249.1,1,1,2249.1
CUST7405,2249.1,1,1,2249.1
CUST4507,2249.1,1,1,2249.1
CUST7025,2249.1,1,1,2249.1
CUST4801,2248.2,2,2,1124.1
CUST2638,2248.15,2,2,1124.075
CUST3564,2248.15,2,2,1124.075
CUST1834,2248.1,2,2,1124.05
CUST7869,2248.05,2,2,1124.025
CUST7733,2246.4,2,4,1123.2
CUST5893,2238.4,2,2,1119.2
CUST5034,2238.2,2,2,1119.1
CUST7577,2237.2,2,3,1118.6
CUST6458,2236.6,2,4,1118.3
CUST3815,2236.0,2,5,1118.0
CUST4041,2232.55,2,3,1116.275
CUST1165,2232.05,2,3,1116.025
CUST1297,2222.05,2,3,1111.025
CUST4192,2218.1,2,2,1109.05
CUST2073,2218.1,2,2,1109.05
CUST5891,2218.1,2,2,1109.05
CUST6856,2208.3,1,2,2208.3
CUST7966,2207.1,2,3,1103.55
CUST3659,2206.15,2,4,1103.075
CUST7761,2199.0,1,1,2199.0
CUST1158,2199.0,1,1,2199.0
CUST7073,2199.0,1,1,2199.0
CUST5051,2199.0,1,1,2199.0
CUST5591,2199.0,1,1,2199.0
CUST5256,2199.0,1,1,2199.0
CUST5137,2199.0,1,1,2199.0
CUST5968,2199.0,1,1,2199.0
CUST7237,2199.0,1,1,2199.0
CUST7327,2199.0,1,1,2199.0
CUST5740,2198.1,2,2,1099.05
CUST7134,2198.1,2,2,1099.05
CUST2258,2198.0,1,2,2198.0
CUST4948,2198.0,1,2,2198.0
CUST7697,2198.0,1,2,2198.0
CUST7179,2198.0,2,2,1099.0
CUST7470,2198.0,2,2,1099.0
CUST7638,2198.0,1,2,2198.0
CUST7971,2198.0,1,2,2198.0
CUST1798,2198.0,2,2,1099.0
CUST1277,2197.0,2,3,1098.5
CUST5337,2188.25,2,2,1094.125
CUST7912,2188.1499999999996,2,2,1094.0749999999998
CUST2074,2183.1,2,2,1091.55
CUST5798,2183.1,2,2,1091.55
CUST6107,2178.35,2,2,1089.175
CUST6950,2171.45,2,4,1085.725
CUST6089,2167.05,2,3,1083.525
CUST2673,2163.05,2,2,1081.525
CUST3521,2163.05,2,2,1081.525
CUST5361,2162.15,3,3,720.7166666666667
CUST1908,2158.3,2,2,1079.15
CUST6024,2158.3,2,2,1079.15
CUST2498,2158.2,2,2,1079.1
CUST6085,2158.1,2,2,1079.05
CUST1653,2157.6,1,3,2157.6
CUST3618,2157.3,1,3,2157.3
CUST5428,2157.3,2,3,1078.65
CUST1531,2157.3,1,3,2157.3
CUST2336,2157.3,1,3,2157.3
CUST1409,2157.3,1,3,2157.3
CUST2209,2157.25,3,3,719.0833333333334
CUST5785,2156.4,1,4,2156.4
CUST3670,2156.4,1,4,2156.4
CUST2823,2156.4,1,4,2156.4
CUST5362,2156.4,1,4,2156.4
CUST1305,2156.4,1,4,2156.4
CUST3309,2148.3,2,2,1074.15
CUST1662,2148.25,2,2,1074.125
CUST6978,2148.25,2,2,1074.125
CUST5632,2143.3500000000004,2,2,1071.6750000000002
CUST7944,2143.3500000000004,2,2,1071.6750000000002
CUST6945,2143.05,2,2,1071.525
CUST2591,2138.3,2,2,1069.15
CUST1195,2138.3,2,2,1069.15
CUST2236,2133.15,2,2,1066.575
CUST2294,2128.15,2,2,1064.075
CUST4423,2128.1,2,2,1064.05
CUST5187,2127.35,3,3,709.1166666666667
CUST5084,2124.15,1,1,2124.15
CUST5477,2124.15,1,1,2124.15
CUST7113,2124.15,1,1,2124.15
CUST6545,2123.3,2,2,1061.65
CUST1078,2123.05,2,2,1061.525
CUST3116,2118.1499999999996,2,2,1059.0749999999998
CUST3167,2118.05,2,2,1059.025
CUST7456,2117.4,2,3,1058.7
CUST2013,2113.25,2,2,1056.625
CUST5236,2107.35,2,3,1053.675
CUST4931,2107.2,2,3,1053.6
CUST4891,2106.15,2,4,1053.075
CUST2268,2103.25,2,2,1051.625
CUST5742,2098.2999999999997,2,2,1049.1499999999999
CUST7889,2098.2,2,2,1049.1
CUST1345,2098.15,2,2,1049.075
CUST5261,2098.0,2,2,1049.0
CUST3411,2097.0,1,3,2097.0
CUST7163,2097.0,1,3,2097.0
CUST1806,2094.75,2,6,1047.375
CUST6498,2093.15,2,2,1046.575
CUST3733,2091.35,2,4,1045.675
CUST5857,2089.05,1,1,2089.05
CUST1731,2089.05,1,1,2089.05
CUST3190,2089.05,1,1,2089.05
CUST2456,2089.05,1,1,2089.05
CUST1874,2089.05,1,1,2089.05
CUST5568,2089.05,1,1,2089.05
CUST3495,2089.05,1,1,2089.05
CUST1875,2089.05,1,1,2089.05
CUST2089,2089.05,1,1,2089.05
CUST1703,2089.05,1,1,2089.05
CUST7731,2089.05,1,1,2089.05
CUST1549,2088.1,2,2,1044.05
CUST5700,2088.1,1,2,2088.1
CUST5859,2088.1,1,2,2088.1
CUST1891,2088.1,2,2,1044.05
CUST3109,2088.1,1,2,2088.1
CUST5599,2088.1,2,2,1044.05
CUST2812,2087.1499999999996,2,3,1043.5749999999998
CUST2402,2078.4,1,2,2078.4
CUST4838,2078.4,1,2,2078.4
CUST5328,2078.4,1,2,2078.4
CUST4769,2078.25,2,2,1039.125
CUST1921,2078.2,2,2,1039.1
CUST5257,2077.25,3,3,692.4166666666666
CUST7320,2077.2,2,3,1038.6
CUST1136,2077.2,2,3,1038.6
CUST6165,2068.2,2,2,1034.1
CUST3084,2068.2,2,2,1034.1
CUST5729,2068.2,2,2,1034.1
CUST5658,2068.2,2,2,1034.1
CUST6144,2068.2,2,2,1034.1
CUST3267,2068.15,2,2,1034.075
CUST7166,2066.4,2,4,1033.2
CUST4270,2062.35,2,3,1031.175
CUST5383,2052.25,3,3,684.0833333333334
CUST6362,2038.1,2,2,1019.05
CUST3580,2037.45,1,3,2037.45
CUST6371,2037.1999999999998,2,3,1018.5999999999999
CUST7374,2036.6,1,4,2036.6
CUST6008,2036.6,1,4,2036.6
CUST7637,2036.6,1,4,2036.6
CUST1299,2028.3000000000002,2,2,1014.1500000000001
CUST5315,2027.3999999999999,2,3,1013.6999999999999
CUST7209,2027.25,2,3,1013.625
CUST4691,2018.2,2,2,1009.1
CUST7628,2018.1,2,2,1009.05
CUST4993,2016.3,2,4,1008.15
CUST3207,2008.3500000000001,2,2,1004.1750000000001
CUST4580,2008.15,2,2,1004.075
CUST2730,2007.25,2,3,1003.625
CUST2345,1999.2,1,1,1999.2
CUST5268,1999.2,1,1,1999.2
CUST3013,1999.2,1,1,1999.2
CUST4514,1999.2,1,1,1999.2
CUST4532,1999.2,1,1,1999.2
CUST1231,1999.2,1,1,1999.2
CUST3173,1999.0,1,1,1999.0
CUST5780,1999.0,1,1,1999.0
CUST6358,1999.0,1,1,1999.0
CUST2825,1999.0,1,1,1999.0
CUST6775,1999.0,1,1,1999.0
CUST7996,1999.0,1,1,1999.0
CUST5943,1999.0,1,1,1999.0
CUST7492,1999.0,1,1,1999.0
CUST7394,1999.0,1,1,1999.0
CUST4825,1999.0,1,1,1999.0
CUST3471,1999.0,1,1,1999.0
CUST3225,1999.0,1,1,1999.0
CUST5609,1999.0,1,1,1999.0
CUST5054,1999.0,1,1,1999.0
CUST6683,1999.0,1,1,1999.0
CUST7540,1999.0,1,1,1999.0
CUST2726,1999.0,1,1,1999.0
CUST1717,1999.0,1,1,1999.0
CUST7118,1999.0,1,1,1999.0
CUST1381,1999.0,1,1,1999.0
CUST6743,1999.0,1,1,1999.0
CUST6508,1999.0,1,1,1999.0
CUST2963,1999.0,1,1,1999.0
CUST2926,1999.0,1,1,1999.0
CUST4259,1999.0,1,1,1999.0
CUST1153,1999.0,1,1,1999.0
CUST4163,1999.0,1,1,1999.0
CUST1648,1999.0,1,1,1999.0
CUST4250,1999.0,1,1,1999.0
CUST5239,1999.0,1,1,1999.0
CUST4334,1999.0,1,1,1999.0
CUST5061,1998.4,2,2,999.2
CUST7930,1998.3,2,2,999.15
CUST4538,1998.3,2,2,999.15
CUST7193,1998.1999999999998,2,2,999.0999999999999
CUST5622,1998.1499999999999,2,2,999.0749999999999
CUST3201,1998.1499999999999,2,2,999.0749999999999
CUST2955,1998.1,2,2,999.05
CUST3028,1998.0,1,2,1998.0
CUST3760,1998.0,1,2,1998.0
CUST5355,1998.0,1,2,1998.0
CUST4760,1998.0,1,2,1998.0
CUST5608,1998.0,1,2,1998.0
CUST5430,1998.0,1,2,1998.0
CUST5923,1998.0,1,2,1998.0
CUST1541,1998.0,1,2,1998.0
CUST5826,1996.0,1,4,1996.0
CUST1965,1996.0,2,4,998.0
CUST2391,1996.0,1,4,1996.0
CUST4655,1996.0,1,4,1996.0
CUST7764,1993.1,2,2,996.55
CUST5745,1992.15,1,3,1992.15
CUST5516,1992.15,1,3,1992.15
CUST3645,1988.1,2,2,994.05
CUST4773,1979.1,1,1,1979.1
CUST1953,1979.1,1,1,1979.1
CUST5555,1979.1,1,1,1979.1
CUST2159,1979.1,1,1,1979.1
CUST6124,1979.1,1,1,1979.1
CUST3093,1979.1,1,1,1979.1
CUST5215,1979.1,1,1,1979.1
CUST7955,1979.1,1,1,1979.1
CUST4386,1979.1,1,1,1979.1
CUST5549,1979.1,1,1,1979.1
CUST2409,1979.1,1,1,1979.1
CUST2685,1979.1,1,1,1979.1
CUST2204,1978.2,1,2,1978.2
CUST3418,1978.2,2,2,989.1
CUST2370,1978.2,1,2,1978.2
CUST2259,1978.2,1,2,1978.2
CUST4105,1978.2,1,2,1978.2
CUST7127,1978.2,1,2,1978.2
CUST7003,1978.2,1,2,1978.2
CUST2817,1978.2,1,2,1978.2
CUST5102,1978.2,1,2,1978.2
CUST3801,1978.2,2,2,989.1
CUST2374,1978.2,1,2,1978.2
CUST6026,1978.2,1,2,1978.2
CUST5368,1978.1999999999998,2,2,989.0999999999999
CUST7662,1978.15,2,2,989.075
CUST1612,1977.3000000000002,2,3,988.6500000000001
CUST7836,1976.4,2,4,988.2
CUST7636,1963.05,2,2,981.525
CUST7311,1957.3,2,3,978.65
CUST7324,1956.4499999999998,2,4,978.2249999999999
CUST4209,1951.6,2,4,975.8
CUST5096,1948.1,2,2,974.05
CUST3129,1948.1,2,2,974.05
CUST4204,1948.1,2,2,974.05
CUST4352,1948.1,2,2,974.05
CUST4899,1946.75,2,4,973.375
CUST5126,1943.25,2,2,971.625
CUST7202,1937.1,2,3,968.55
CUST1529,1937.1,2,3,968.55
CUST4519,1923.15,2,2,961.575
CUST4197,1918.05,2,2,959.025
CUST7057,1917.4,2,3,958.7
CUST5698,1916.8,1,4,1916.8
CUST2853,1912.35,2,3,956.175
CUST6953,1903.25,2,2,951.625
CUST1132,1899.05,1,1,1899.05
CUST6990,1899.05,1,1,1899.05
CUST4376,1899.05,1,1,1899.05
CUST6188,1899.05,1,1,1899.05
CUST7989,1899.05,1,1,1899.05
CUST1059,1899.05,1,1,1899.05
CUST1352,1899.05,1,1,1899.05
CUST2593,1899.05,1,1,1899.05
CUST2616,1899.05,1,1,1899.05
CUST3948,1899.05,1,1,1899.05
CUST3276,1899.05,1,1,1899.05
CUST3934,1899.05,1,1,1899.05
CUST7233,1899.05,1,1,1899.05
CUST7276,1899.05,1,1,1899.05
CUST1246,1899.05,1,1,1899.05
CUST3559,1899.05,1,1,1899.05
CUST2162,1899.05,1,1,1899.05
CUST4284,1898.1,2,2,949.05
CUST7548,1898.1,1,2,1898.1
CUST5033,1898.1,1,2,1898.1
CUST7225,1898.1,1,2,1898.1
CUST6265,1898.1,1,2,1898.1
CUST1716,1898.1,1,2,1898.1
CUST2539,1898.1,1,2,1898.1
CUST3133,1898.1,1,2,1898.1
CUST2215,1897.1,2,3,948.55
CUST7021,1896.2,1,4,1896.2
CUST3786,1895.25,1,5,1895.25
CUST3900,1893.15,2,2,946.575
CUST3164,1888.3000000000002,2,2,944.1500000000001
CUST6968,1888.1999999999998,2,2,944.0999999999999
CUST4692,1887.3000000000002,2,3,943.6500000000001
CUST5610,1887.3,1,3,1887.3
CUST6217,1887.3,1,3,1887.3
CUST4700,1887.3,1,3,1887.3
CUST3579,1887.3,1,3,1887.3
CUST3740,1877.45,3,3,625.8166666666667
CUST6599,1877.4,2,3,938.7
CUST5972,1877.1999999999998,3,3,625.7333333333332
CUST2888,1873.15,2,2,936.575
CUST6811,1869.15,1,1,1869.15
CUST6293,1869.15,1,1,1869.15
CUST2194,1869.15,1,1,1869.15
CUST2968,1869.15,1,1,1869.15
CUST4578,1869.15,1,1,1869.15
CUST2643,1869.15,1,1,1869.15
CUST2044,1868.3,1,2,1868.3
CUST1454,1863.15,2,2,931.575
CUST6865,1863.15,2,2,931.575
CUST4407,1858.15,2,2,929.075
CUST5481,1853.05,2,2,926.525
CUST5108,1848.15,2,2,924.075
CUST7338,1838.1,2,2,919.05
CUST6902,1838.1,2,2,919.05
CUST5042,1837.5,3,3,612.5
CUST7984,1837.2,2,3,918.6
CUST5074,1833.25,2,2,916.625
CUST5437,1833.05,2,2,916.525
CUST7154,1827.1999999999998,3,3,609.0666666666666
CUST3774,1818.25,2,2,909.125
CUST4880,1816.6499999999999,2,4,908.3249999999999
CUST5880,1808.15,2,2,904.075
CUST3227,1808.1,2,2,904.05
CUST1828,1808.1,2,2,904.05
CUST5737,1799.1,1,1,1799.1
CUST5619,1799.1,1,1,1799.1
CUST3127,1799.1,1,1,1799.1
CUST3098,1799.1,1,1,1799.1
CUST5456,1799.1,1,1,1799.1
CUST6462,1799.1,1,1,1799.1
CUST6974,1799.1,1,1,1799.1
CUST5146,1799.1,1,1,1799.1
CUST6448,1799.1,1,1,1799.1
CUST3799,1799.1,1,1,1799.1
CUST5937,1799.1,1,1,1799.1
CUST7232,1799.1,1,1,1799.1
CUST2538,1799.1,1,1,1799.1
CUST6122,1799.1,1,1,1799.1
CUST1639,1799.1,1,1,1799.1
CUST3891,1799.1,1,1,1799.1
CUST6546,1799.1,1,1,1799.1
CUST7080,1799.1,1,1,1799.1
CUST6416,1799.1,1,1,1799.1
CUST3602,1799.1,1,1,1799.1
CUST2504,1799.1,1,1,1799.1
CUST3451,1799.1,1,1,1799.1
CUST3719,1799.1,1,1,1799.1
CUST7469,1799.1,1,1,1799.1
CUST3236,1799.1,1,1,1799.1
CUST2134,1799.1,1,1,1799.1
CUST1089,1799.1,1,1,1799.1
CUST1087,1799.1,1,1,1799.1
CUST7332,1799.0,1,1,1799.0
CUST3175,1799.0,1,1,1799.0
CUST6666,1799.0,1,1,1799.0
CUST2306,1799.0,1,1,1799.0
CUST4676,1799.0,1,1,1799.0
CUST4742,1799.0,1,1,1799.0
CUST7303,1799.0,1,1,1799.0
CUST3051,1799.0,1,1,1799.0
CUST2098,1799.0,1,1,1799.0
CUST6341,1799.0,1,1,1799.0
CUST3432,1799.0,1,1,1799.0
CUST7076,1799.0,1,1,1799.0
CUST6552,1799.0,1,1,1799.0
CUST2468,1799.0,1,1,1799.0
CUST1883,1799.0,1,1,1799.0
CUST1763,1799.0,1,1,1799.0
CUST6397,1799.0,1,1,1799.0
CUST6587,1799.0,1,1,1799.0
CUST3597,1799.0,1,1,1799.0
CUST3530,1799.0,1,1,1799.0
CUST5764,1799.0,1,1,1799.0
CUST2649,1799.0,1,1,1799.0
CUST1441,1799.0,1,1,1799.0
CUST1363,1799.0,1,1,1799.0
CUST4817,1799.0,1,1,1799.0
CUST2876,1799.0,1,1,1799.0
CUST1282,1799.0,1,1,1799.0
CUST3636,1799.0,1,1,1799.0
CUST1344,1799.0,1,1,1799.0
CUST4324,1799.0,1,1,1799.0
CUST2226,1798.3000000000002,2,2,899.1500000000001
CUST4360,1798.2,1,2,1798.2
CUST4281,1798.2,1,2,1798.2
CUST2911,1798.2,1,2,1798.2
CUST2497,1798.2,1,2,1798.2
CUST7379,1798.2,1,2,1798.2
CUST1910,1798.2,1,2,1798.2
CUST6212,1798.2,1,2,1798.2
CUST3490,1798.2,1,2,1798.2
CUST2431,1798.2,1,2,1798.2
CUST7668,1798.2,1,2,1798.2
CUST7087,1798.2,1,2,1798.2
CUST3514,1798.2,1,2,1798.2
CUST5683,1798.2,1,2,1798.2
CUST5733,1798.2,1,2,1798.2
CUST5191,1798.2,1,2,1798.2
CUST1520,1798.1999999999998,2,2,899.0999999999999
CUST3984,1798.1999999999998,2,2,899.0999999999999
CUST5492,1798.1,2,2,899.05
CUST6146,1798.0,1,2,1798.0
CUST2113,1798.0,1,2,1798.0
CUST5548,1797.3000000000002,2,3,898.6500000000001
CUST6672,1797.3000000000002,2,3,898.6500000000001
CUST5667,1797.25,2,3,898.625
CUST3953,1797.0,1,3,1797.0
CUST6023,1797.0,1,3,1797.0
CUST2659,1797.0,1,3,1797.0
CUST1121,1797.0,1,3,1797.0
CUST6234,1797.0,1,3,1797.0
CUST5472,1797.0,1,3,1797.0
CUST4385,1797.0,1,3,1797.0
CUST3820,1796.4,1,4,1796.4
CUST6921,1796.4,1,4,1796.4
CUST6394,1796.4,2,4,898.2
CUST5535,1796.4,1,4,1796.4
CUST1252,1795.5,1,5,1795.5
CUST1110,1795.5,1,5,1795.5
CUST5078,1795.5,1,5,1795.5
CUST3154,1787.3,2,3,893.65
CUST3032,1782.45,1,3,1782.45
CUST3672,1782.45,1,3,1782.45
CUST1909,1778.25,2,2,889.125
CUST5030,1778.15,2,2,889.075
CUST5533,1777.1999999999998,2,3,888.5999999999999
CUST5193,1776.5,2,4,888.25
CUST7530,1768.1,2,2,884.05
CUST4508,1768.1,2,2,884.05
CUST1014,1759.2,1,1,1759.2
CUST2485,1759.2,1,1,1759.2
CUST2725,1759.2,1,1,1759.2
CUST3551,1759.2,1,1,1759.2
CUST6451,1759.2,1,1,1759.2
CUST3042,1758.4,1,2,1758.4
CUST5323,1758.4,1,2,1758.4
CUST2841,1758.15,2,2,879.075
CUST5544,1758.05,2,2,879.025
CUST1036,1757.4,2,3,878.7
CUST7586,1757.2,2,3,878.6
CUST5566,1756.5,2,4,878.25
CUST2037,1748.3,2,2,874.15
CUST5810,1748.05,2,2,874.025
CUST7058,1747.3,2,3,873.65
CUST3403,1742.25,2,3,871.125
CUST3835,1738.3000000000002,2,2,869.1500000000001
CUST3120,1738.3000000000002,2,2,869.1500000000001
CUST5089,1738.1499999999999,2,2,869.0749999999999
CUST7654,1736.5,2,4,868.25
CUST5353,1736.1,2,4,868.05
CUST2741,1732.3,3,3,577.4333333333333
CUST5562,1728.3,2,2,864.15
CUST4355,1709.05,1,1,1709.05
CUST1240,1709.05,1,1,1709.05
CUST5139,1709.05,1,1,1709.05
CUST4164,1709.05,1,1,1709.05
CUST4332,1709.05,1,1,1709.05
CUST3839,1709.05,1,1,1709.05
CUST1241,1709.05,1,1,1709.05
CUST5048,1709.05,1,1,1709.05
CUST2576,1709.05,1,1,1709.05
CUST4921,1709.05,1,1,1709.05
CUST4031,1709.05,1,1,1709.05
CUST4962,1709.05,1,1,1709.05
CUST5983,1709.05,1,1,1709.05
CUST4920,1709.05,1,1,1709.05
CUST6256,1709.05,1,1,1709.05
CUST4913,1709.05,1,1,1709.05
CUST1150,1709.05,1,1,1709.05
CUST6273,1709.05,1,1,1709.05
CUST4665,1708.1999999999998,2,2,854.0999999999999
CUST4316,1708.1999999999998,2,2,854.0999999999999
CUST5334,1708.1999999999998,2,2,854.0999999999999
CUST5895,1708.1,2,2,854.05
CUST5488,1708.1,1,2,1708.1
CUST1645,1708.1,2,2,854.05
CUST4032,1707.3000000000002,2,3,853.6500000000001
CUST2291,1707.15,1,3,1707.15
CUST3371,1707.15,1,3,1707.15
CUST7952,1707.15,1,3,1707.15
CUST5169,1707.15,1,3,1707.15
CUST1754,1707.15,1,3,1707.15
CUST3873,1707.15,1,3,1707.15
CUST5644,1707.15,1,3,1707.15
CUST1554,1699.15,1,1,1699.15
CUST3458,1699.15,1,1,1699.15
CUST1530,1699.15,1,1,1699.15
CUST1387,1699.15,1,1,1699.15
CUST5518,1699.15,1,1,1699.15
CUST5538,1699.15,1,1,1699.15
CUST2064,1699.15,1,1,1699.15
CUST5823,1699.15,1,1,1699.15
CUST3020,1699.15,1,1,1699.15
CUST4243,1699.15,1,1,1699.15
CUST3474,1699.15,1,1,1699.15
CUST4972,1699.15,1,1,1699.15
CUST4090,1699.15,1,1,1699.15
CUST1507,1698.3000000000002,2,2,849.1500000000001
CUST1230,1698.3000000000002,2,2,849.1500000000001
CUST6989,1698.3000000000002,2,2,849.1500000000001
CUST3197,1698.3,1,2,1698.3
CUST7680,1698.3,1,2,1698.3
CUST6787,1698.3,1,2,1698.3
CUST1495,1698.3,1,2,1698.3
CUST2264,1698.3,1,2,1698.3
CUST4171,1698.3,1,2,1698.3
CUST5241,1698.2,2,2,849.1
CUST7463,1698.1,2,2,849.05
CUST3326,1698.0,2,2,849.0
CUST4564,1698.0,2,2,849.0
CUST2135,1698.0,2,2,849.0
CUST3023,1697.4499999999998,2,3,848.7249999999999
CUST7314,1697.4,2,3,848.7
CUST1642,1697.0,2,3,848.5
CUST4536,1697.0,2,3,848.5
CUST7985,1696.6,1,4,1696.6
CUST3301,1696.6,1,4,1696.6
CUST1976,1678.4,2,2,839.2
CUST2720,1677.2,2,3,838.6
CUST6474,1677.2,2,3,838.6
CUST2274,1676.25,2,4,838.125
CUST2353,1673.2,2,2,836.6
CUST2029,1658.1,2,2,829.05
CUST7538,1653.15,2,2,826.575
CUST2455,1653.05,2,2,826.525
CUST5092,1648.3,2,2,824.15
CUST6200,1647.25,2,3,823.625
CUST5218,1646.35,2,4,823.175
CUST2182,1643.35,2,2,821.675
CUST2743,1643.05,2,2,821.525
CUST7200,1637.4,2,3,818.7
CUST3968,1637.1,2,3,818.55
CUST4252,1633.35,2,2,816.675
CUST5530,1627.15,3,3,542.3833333333333
CUST2227,1626.6,3,4,542.1999999999999
CUST7732,1622.15,2,3,811.075
CUST7925,1619.1,1,1,1619.1
CUST5536,1619.1,1,1,1619.1
CUST7903,1619.1,1,1,1619.1
CUST5465,1619.1,1,1,1619.1
CUST1069,1619.1,1,1,1619.1
CUST4571,1619.1,1,1,1619.1
CUST6067,1619.1,1,1,1619.1
CUST4582,1619.1,1,1,1619.1
CUST5006,1619.1,1,1,1619.1
CUST6361,1619.1,1,1,1619.1
CUST4746,1619.1,1,1,1619.1
CUST7533,1619.1,1,1,1619.1
CUST6315,1619.1,1,1,1619.1
CUST2384,1619.1,1,1,1619.1
CUST6438,1619.1,1,1,1619.1
CUST7715,1619.1,1,1,1619.1
CUST7841,1619.1,1,1,1619.1
CUST2709,1619.1,1,1,1619.1
CUST4375,1619.1,1,1,1619.1
CUST6778,1619.1,1,1,1619.1
CUST7625,1619.1,1,1,1619.1
CUST1510,1619.1,1,1,1619.1
CUST5876,1619.1,1,1,1619.1
CUST1756,1619.1,1,1,1619.1
CUST4518,1619.1,1,1,1619.1
CUST7071,1619.1,1,1,1619.1
CUST3911,1619.1,1,1,1619.1
CUST2151,1619.1,1,1,1619.1
CUST4902,1619.1,1,1,1619.1
CUST6054,1618.2,1,2,1618.2
CUST4974,1618.2,1,2,1618.2
CUST4075,1618.2,2,2,809.1
CUST3311,1618.2,1,2,1618.2
CUST2075,1618.2,1,2,1618.2
CUST5043,1618.2,1,2,1618.2
CUST5022,1618.2,1,2,1618.2
CUST4728,1618.2,1,2,1618.2
CUST3894,1618.2,1,2,1618.2
CUST5090,1618.1999999999998,2,2,809.0999999999999
CUST7737,1617.3,1,3,1617.3
CUST7689,1617.3,1,3,1617.3
CUST5273,1617.3,1,3,1617.3
CUST1846,1617.3,1,3,1617.3
CUST4929,1617.3,1,3,1617.3
CUST5168,1617.3,2,3,808.65
CUST5179,1617.3,1,3,1617.3
CUST1912,1617.3,1,3,1617.3
CUST4094,1617.3,1,3,1617.3
CUST5747,1617.3,1,3,1617.3
CUST4986,1608.15,2,2,804.075
CUST6942,1607.35,2,3,803.675
CUST5443,1599.2,1,1,1599.2
CUST3819,1599.2,1,1,1599.2
CUST7748,1599.2,1,1,1599.2
CUST4918,1599.2,1,1,1599.2
CUST5724,1599.2,1,1,1599.2
CUST7885,1599.2,1,1,1599.2
CUST1869,1599.2,1,1,1599.2
CUST1856,1599.2,1,1,1599.2
CUST4167,1599.2,1,1,1599.2
CUST5093,1599.2,1,1,1599.2
CUST3744,1599.0,1,1,1599.0
CUST6269,1599.0,1,1,1599.0
CUST2989,1599.0,1,1,1599.0
CUST1907,1599.0,1,1,1599.0
CUST7317,1599.0,1,1,1599.0
CUST5959,1599.0,1,1,1599.0
CUST7152,1599.0,1,1,1599.0
CUST7181,1599.0,1,1,1599.0
CUST2394,1599.0,1,1,1599.0
CUST5759,1599.0,1,1,1599.0
CUST7624,1599.0,1,1,1599.0
CUST1401,1599.0,1,1,1599.0
CUST5253,1599.0,1,1,1599.0
CUST1023,1599.0,1,1,1599.0
CUST2429,1598.4,1,2,1598.4
CUST6518,1598.4,1,2,1598.4
CUST1725,1598.4,1,2,1598.4
CUST6719,1598.0,1,2,1598.0
CUST2444,1598.0,1,2,1598.0
CUST5946,1598.0,1,2,1598.0
CUST4339,1598.0,1,2,1598.0
CUST6636,1598.0,2,2,799.0
CUST6879,1598.0,1,2,1598.0
CUST1646,1598.0,2,2,799.0
CUST6232,1596.0,2,4,798.0
CUST7053,1588.1,2,2,794.05
CUST6999,1588.1,2,2,794.05
CUST3504,1577.2,2,3,788.6
CUST4636,1573.25,2,2,786.625
CUST2318,1572.25,2,3,786.125
CUST5026,1568.35,2,2,784.175
CUST5280,1568.05,2,2,784.025
CUST3691,1568.05,2,2,784.025
CUST3170,1567.05,2,3,783.525
CUST7388,1562.25,3,3,520.75
CUST4086,1558.25,2,2,779.125
CUST5720,1558.15,2,2,779.075
CUST5242,1553.25,2,2,776.625
CUST5188,1553.1999999999998,2,2,776.5999999999999
CUST4535,1548.05,2,2,774.025
CUST2670,1547.1,2,3,773.55
CUST3582,1538.2,2,2,769.1
CUST6842,1529.15,1,1,1529.15
CUST4592,1529.15,1,1,1529.15
CUST6656,1529.15,1,1,1529.15
CUST2082,1529.15,1,1,1529.15
CUST3325,1529.15,1,1,1529.15
CUST6084,1529.15,1,1,1529.15
CUST6741,1529.15,1,1,1529.15
CUST3732,1529.15,1,1,1529.15
CUST5073,1529.15,1,1,1529.15
CUST3356,1529.15,1,1,1529.15
CUST4937,1529.15,1,1,1529.15
CUST7031,1528.3,2,2,764.15
CUST5928,1528.3,1,2,1528.3
CUST7575,1527.45,1,3,1527.45
CUST3970,1527.45,1,3,1527.45
CUST3345,1527.45,1,3,1527.45
CUST1190,1523.25,2,2,761.625
CUST6302,1519.05,1,1,1519.05
CUST4438,1519.05,1,1,1519.05
CUST7281,1519.05,1,1,1519.05
CUST2960,1519.05,1,1,1519.05
CUST1626,1519.05,1,1,1519.05
CUST1789,1519.05,1,1,1519.05
CUST3409,1519.05,1,1,1519.05
CUST3860,1519.05,1,1,1519.05
CUST3633,1518.1,1,2,1518.1
CUST5459,1518.1,1,2,1518.1
CUST3384,1518.1,1,2,1518.1
CUST7904,1517.2,2,3,758.6
CUST5691,1508.15,2,2,754.075
CUST1641,1499.0,1,1,1499.0
CUST3705,1499.0,1,1,1499.0
CUST7639,1499.0,1,1,1499.0
CUST3959,1499.0,1,1,1499.0
CUST6223,1499.0,1,1,1499.0
CUST1563,1499.0,1,1,1499.0
CUST3834,1499.0,1,1,1499.0
CUST2681,1499.0,1,1,1499.0
CUST4955,1499.0,1,1,1499.0
CUST6574,1499.0,1,1,1499.0
CUST4788,1499.0,1,1,1499.0
CUST2290,1499.0,1,1,1499.0
CUST6727,1499.0,1,1,1499.0
CUST4095,1499.0,1,1,1499.0
CUST2228,1499.0,1,1,1499.0
CUST2432,1499.0,1,1,1499.0
CUST2343,1499.0,1,1,1499.0
CUST4784,1498.1,2,2,749.05
CUST7325,1497.2,2,3,748.6
CUST6673,1497.0,1,3,1497.0
CUST2585,1497.0,1,3,1497.0
CUST3313,1497.0,1,3,1497.0
CUST4903,1497.0,1,3,1497.0
CUST6936,1497.0,1,3,1497.0
CUST1047,1497.0,1,3,1497.0
CUST3995,1497.0,1,3,1497.0
CUST3448,1497.0,1,3,1497.0
CUST1469,1468.15,2,2,734.075
CUST4020,1463.15,2,2,731.575
CUST2544,1448.15,2,2,724.075
CUST5117,1448.1,2,2,724.05
CUST7584,1439.2,1,1,1439.2
CUST1734,1439.2,1,1,1439.2
CUST3029,1439.2,1,1,1439.2
CUST3253,1439.2,1,1,1439.2
CUST4731,1439.2,1,1,1439.2
CUST3677,1439.2,1,1,1439.2
CUST4502,1439.2,1,1,1439.2
CUST2440,1439.2,1,1,1439.2
CUST2386,1439.2,1,1,1439.2
CUST1203,1439.2,1,1,1439.2
CUST5032,1439.2,1,1,1439.2
CUST4980,1439.2,1,1,1439.2
CUST6891,1439.2,1,1,1439.2
CUST5654,1439.2,1,1,1439.2
CUST4864,1439.2,1,1,1439.2
CUST4470,1439.2,1,1,1439.2
CUST7417,1439.1,1,1,1439.1
CUST4785,1439.1,1,1,1439.1
CUST7012,1439.1,1,1,1439.1
CUST5087,1439.1,1,1,1439.1
CUST7739,1439.1,1,1,1439.1
CUST1229,1439.1,1,1,1439.1
CUST7898,1439.1,1,1,1439.1
CUST3989,1439.1,1,1,1439.1
CUST2281,1439.1,1,1,1439.1
CUST6304,1439.1,1,1,1439.1
CUST2375,1439.1,1,1,1439.1
CUST5595,1439.1,1,1,1439.1
CUST2785,1438.4,1,2,1438.4
CUST5479,1438.4,1,2,1438.4
CUST2045,1438.4,1,2,1438.4
CUST1298,1438.4,1,2,1438.4
CUST6428,1438.4,1,2,1438.4
CUST2283,1438.2,1,2,1438.2
CUST7384,1438.2,2,2,719.1
CUST4223,1438.2,2,2,719.1
CUST5302,1438.2,1,2,1438.2
CUST3423,1438.2,1,2,1438.2
CUST3389,1438.2,2,2,719.1
CUST1843,1438.2,1,2,1438.2
CUST5434,1438.2,1,2,1438.2
CUST2389,1437.6,1,3,1437.6
CUST5017,1437.6,1,3,1437.6
CUST6103,1437.6,1,3,1437.6
CUST2030,1437.6,1,3,1437.6
CUST6637,1428.3000000000002,2,2,714.1500000000001
CUST6543,1424.05,1,1,1424.05
CUST7169,1424.05,1,1,1424.05
CUST1845,1424.05,1,1,1424.05
CUST4551,1424.05,1,1,1424.05
CUST6473,1424.05,1,1,1424.05
CUST7587,1424.05,1,1,1424.05
CUST1813,1424.05,1,1,1424.05
CUST6403,1424.05,1,1,1424.05
CUST5478,1424.05,1,1,1424.05
CUST1170,1424.05,1,1,1424.05
CUST5736,1424.05,1,1,1424.05
CUST1071,1424.05,1,1,1424.05
CUST7153,1424.05,1,1,1424.05
CUST5285,1424.05,1,1,1424.05
CUST7409,1424.05,1,1,1424.05
CUST2438,1424.05,1,1,1424.05
CUST4648,1424.05,1,1,1424.05
CUST2656,1424.05,1,1,1424.05
CUST4572,1424.05,1,1,1424.05
CUST2321,1424.05,1,1,1424.05
CUST3113,1424.05,1,1,1424.05
CUST3964,1424.05,1,1,1424.05
CUST7458,1424.05,1,1,1424.05
CUST4804,1424.05,1,1,1424.05
CUST1113,1413.25,2,2,706.625
CUST2296,1398.25,2,2,699.125
CUST6096,1398.0,1,2,1398.0
CUST5400,1398.0,1,2,1398.0
CUST2863,1398.0,1,2,1398.0
CUST3806,1398.0,1,2,1398.0
CUST4187,1398.0,1,2,1398.0
CUST4457,1398.0,2,2,699.0
CUST6346,1398.0,1,2,1398.0
CUST4748,1397.35,2,3,698.675
CUST5931,1388.25,2,2,694.125
CUST6041,1388.25,2,2,694.125
CUST5851,1378.3,2,2,689.15
CUST1471,1378.3,2,2,689.15
CUST1733,1367.05,2,3,683.525
CUST5852,1359.15,1,1,1359.15
CUST1371,1359.15,1,1,1359.15
CUST7995,1359.15,1,1,1359.15
CUST4843,1359.15,1,1,1359.15
CUST4787,1359.15,1,1,1359.15
CUST6757,1359.15,1,1,1359.15
CUST5979,1359.15,1,1,1359.15
CUST1288,1359.15,1,1,1359.15
CUST2847,1358.3,1,2,1358.3
CUST1574,1358.3,1,2,1358.3
CUST7475,1358.3,2,2,679.15
CUST1237,1358.3,1,2,1358.3
CUST5898,1358.3,1,2,1358.3
CUST1244,1357.4499999999998,2,3,678.7249999999999
CUST3565,1349.1,1,1,1349.1
CUST1643,1349.1,1,1,1349.1
CUST1361,1349.1,1,1,1349.1
CUST7426,1349.1,1,1,1349.1
CUST4558,1349.1,1,1,1349.1
CUST1600,1349.1,1,1,1349.1
CUST3878,1349.1,1,1,1349.1
CUST4553,1349.1,1,1,1349.1
CUST5589,1349.1,1,1,1349.1
CUST6502,1349.1,1,1,1349.1
CUST6029,1349.1,1,1,1349.1
CUST4626,1349.1,1,1,1349.1
CUST6997,1349.1,1,1,1349.1
CUST4998,1349.1,1,1,1349.1
CUST1931,1349.1,1,1,1349.1
CUST4442,1349.1,1,1,1349.1
CUST3353,1349.1,1,1,1349.1
CUST3260,1349.1,1,1,1349.1
CUST3642,1349.1,1,1,1349.1
CUST1385,1349.1,1,1,1349.1
CUST4227,1349.1,1,1,1349.1
CUST3847,1349.1,1,1,1349.1
CUST6566,1348.2,2,2,674.1
CUST2007,1347.3,1,3,1347.3
CUST7951,1347.3,1,3,1347.3
CUST3828,1347.3,1,3,1347.3
CUST6452,1338.3000000000002,2,2,669.1500000000001
CUST1758,1328.1,1,2,1328.1
CUST2333,1328.1,1,2,1328.1
CUST5909,1328.1,1,2,1328.1
CUST2925,1299.0,1,1,1299.0
CUST3410,1299.0,1,1,1299.0
CUST7594,1299.0,1,1,1299.0
CUST2893,1299.0,1,1,1299.0
CUST3063,1299.0,1,1,1299.0
CUST7138,1299.0,1,1,1299.0
CUST7648,1299.0,1,1,1299.0
CUST1736,1299.0,1,1,1299.0
CUST3698,1299.0,1,1,1299.0
CUST5709,1299.0,1,1,1299.0
CUST3755,1299.0,1,1,1299.0
CUST6317,1299.0,1,1,1299.0
CUST6009,1299.0,1,1,1299.0
CUST2299,1299.0,1,1,1299.0
CUST5975,1299.0,1,1,1299.0
CUST2802,1299.0,1,1,1299.0
CUST4677,1299.0,1,1,1299.0
CUST3845,1299.0,1,1,1299.0
CUST7400,1299.0,1,1,1299.0
CUST7453,1299.0,1,1,1299.0
CUST1963,1299.0,1,1,1299.0
CUST2397,1299.0,1,1,1299.0
CUST2664,1299.0,1,1,1299.0
CUST4504,1299.0,1,1,1299.0
CUST5947,1299.0,1,1,1299.0
CUST1940,1298.1,2,2,649.05
CUST7661,1288.1999999999998,2,2,644.0999999999999
CUST3043,1279.2,1,1,1279.2
CUST2127,1279.2,1,1,1279.2
CUST5035,1279.2,1,1,1279.2
CUST2565,1279.2,1,1,1279.2
CUST5888,1278.4,1,2,1278.4
CUST1129,1274.15,1,1,1274.15
CUST1777,1274.15,1,1,1274.15
CUST3622,1274.15,1,1,1274.15
CUST2270,1274.15,1,1,1274.15
CUST4165,1274.15,1,1,1274.15
CUST3337,1274.15,1,1,1274.15
CUST5985,1274.15,1,1,1274.15
CUST6076,1274.15,1,1,1274.15
CUST3038,1274.15,1,1,1274.15
CUST5586,1274.15,1,1,1274.15
CUST2532,1272.45,1,3,1272.45
CUST1258,1268.1999999999998,2,2,634.0999999999999
CUST3208,1267.3,2,3,633.65
CUST3071,1258.3000000000002,2,2,629.1500000000001
CUST7553,1258.2,1,2,1258.2
CUST1776,1258.2,1,2,1258.2
CUST5531,1258.2,1,2,1258.2
CUST5402,1258.2,2,2,629.1
CUST7583,1258.2,1,2,1258.2
CUST3944,1258.2,1,2,1258.2
CUST3929,1258.2,1,2,1258.2
CUST1479,1258.2,1,2,1258.2
CUST6643,1247.1,2,3,623.55
CUST6576,1238.25,2,2,619.125
CUST3177,1234.05,1,1,1234.05
CUST4261,1234.05,1,1,1234.05
CUST2967,1234.05,1,1,1234.05
CUST2928,1234.05,1,1,1234.05
CUST5722,1234.05,1,1,1234.05
CUST1307,1234.05,1,1,1234.05
CUST3412,1234.05,1,1,1234.05
CUST2829,1234.05,1,1,1234.05
CUST5770,1234.05,1,1,1234.05
CUST5153,1234.05,1,1,1234.05
CUST3688,1234.05,1,1,1234.05
CUST2883,1234.05,1,1,1234.05
CUST7434,1234.05,1,1,1234.05
CUST1835,1234.05,1,1,1234.05
CUST7268,1234.05,1,1,1234.05
CUST2208,1234.05,1,1,1234.05
CUST2763,1234.05,1,1,1234.05
CUST4768,1234.05,1,1,1234.05
CUST7541,1232.15,2,3,616.075
CUST2396,1228.25,2,2,614.125
CUST2611,1228.2,2,2,614.1
CUST4827,1228.2,2,2,614.1
CUST6534,1228.1,2,2,614.05
CUST2570,1218.25,2,2,609.125
CUST6911,1218.25,2,2,609.125
CUST5162,1217.4,2,3,608.7
CUST7632,1217.2,2,3,608.6
CUST4081,1213.15,2,2,606.575
CUST1145,1199.2,1,1,1199.2
CUST4307,1199.2,1,1,1199.2
CUST3713,1199.2,1,1,1199.2
CUST6097,1199.2,1,1,1199.2
CUST2630,1199.2,1,1,1199.2
CUST3674,1199.2,1,1,1199.2
CUST4239,1199.2,1,1,1199.2
CUST3169,1199.2,1,1,1199.2
CUST6475,1198.0,1,2,1198.0
CUST6479,1198.0,1,2,1198.0
CUST1414,1198.0,1,2,1198.0
CUST4848,1198.0,1,2,1198.0
CUST2422,1198.0,1,2,1198.0
CUST1764,1198.0,1,2,1198.0
CUST3455,1198.0,1,2,1198.0
CUST4373,1198.0,1,2,1198.0
CUST3385,1198.0,1,2,1198.0
CUST4995,1198.0,1,2,1198.0
CUST6947,1198.0,1,2,1198.0
CUST3076,1198.0,1,2,1198.0
CUST2132,1198.0,1,2,1198.0
CUST7358,1198.0,2,2,599.0
CUST3036,1198.0,1,2,1198.0
CUST7744,1198.0,1,2,1198.0
CUST7740,1198.0,1,2,1198.0
CUST4869,1198.0,1,2,1198.0
CUST7813,1198.0,2,2,599.0
CUST4953,1198.0,1,2,1198.0
CUST4926,1198.0,1,2,1198.0
CUST4126,1198.0,1,2,1198.0
CUST7523,1198.0,1,2,1198.0
CUST6760,1198.0,1,2,1198.0
CUST3816,1198.0,1,2,1198.0
CUST1201,1198.0,2,2,599.0
CUST5553,1198.0,1,2,1198.0
CUST1105,1198.0,1,2,1198.0
CUST2462,1197.6,1,3,1197.6
CUST7430,1197.0,1,3,1197.0
CUST5142,1197.0,1,3,1197.0
CUST6715,1188.3,1,2,1188.3
CUST1550,1188.3,1,2,1188.3
CUST4780,1173.05,2,2,586.525
CUST1218,1169.1,1,1,1169.1
CUST7768,1169.1,1,1,1169.1
CUST7272,1169.1,1,1,1169.1
CUST4014,1169.1,1,1,1169.1
CUST3091,1169.1,1,1,1169.1
CUST2231,1169.1,1,1,1169.1
CUST1459,1169.1,1,1,1169.1
CUST5231,1169.1,1,1,1169.1
CUST1544,1169.1,1,1,1169.1
CUST4434,1169.1,1,1,1169.1
CUST2443,1169.1,1,1,1169.1
CUST4297,1169.1,1,1,1169.1
CUST7261,1169.1,1,1,1169.1
CUST2781,1169.1,1,1,1169.1
CUST3467,1169.1,1,1,1169.1
CUST6316,1169.1,1,1,1169.1
CUST5872,1169.1,1,1,1169.1
CUST7627,1169.1,1,1,1169.1
CUST4483,1169.1,1,1,1169.1
CUST3841,1169.1,1,1,1169.1
CUST5829,1169.1,1,1,1169.1
CUST5446,1168.2,2,2,584.1
CUST6930,1163.1999999999998,2,2,581.5999999999999
CUST2697,1158.1,2,2,579.05
CUST7564,1148.25,2,2,574.125
CUST6800,1143.25,2,2,571.625
CUST2362,1138.1,1,2,1138.1
CUST6014,1138.1,1,2,1138.1
CUST5319,1138.1,1,2,1138.1
CUST7345,1138.1,2,2,569.05
CUST6298,1138.1,1,2,1138.1
CUST7573,1138.1,1,2,1138.1
CUST3183,1138.1,1,2,1138.1
CUST3059,1138.1,1,2,1138.1
CUST2533,1138.1,1,2,1138.1
CUST2742,1138.1,2,2,569.05
CUST2993,1138.1,1,2,1138.1
CUST5272,1137.15,1,3,1137.15
CUST3632,1137.15,1,3,1137.15
CUST5508,1118.4,1,2,1118.4
CUST4579,1118.4,1,2,1118.4
CUST7052,1118.4,1,2,1118.4
CUST3864,1118.1,2,2,559.05
CUST5195,1104.15,1,1,1104.15
CUST1427,1104.15,1,1,1104.15
CUST7562,1104.15,1,1,1104.15
CUST3219,1104.15,1,1,1104.15
CUST5085,1104.15,1,1,1104.15
CUST4230,1104.15,1,1,1104.15
CUST3114,1104.15,1,1,1104.15
CUST1389,1104.15,1,1,1104.15
CUST2235,1104.15,1,1,1104.15
CUST3877,1104.15,1,1,1104.15
CUST7019,1104.15,1,1,1104.15
CUST7117,1104.15,1,1,1104.15
CUST3976,1099.0,1,1,1099.0
CUST4645,1099.0,1,1,1099.0
CUST5897,1099.0,1,1,1099.0
CUST2679,1099.0,1,1,1099.0
CUST4846,1099.0,1,1,1099.0
CUST2199,1099.0,1,1,1099.0
CUST4305,1099.0,1,1,1099.0
CUST5542,1099.0,1,1,1099.0
CUST5984,1099.0,1,1,1099.0
CUST6503,1099.0,1,1,1099.0
CUST4431,1099.0,1,1,1099.0
CUST6808,1099.0,1,1,1099.0
CUST3394,1099.0,1,1,1099.0
CUST2771,1098.15,2,2,549.075
CUST6621,1078.2,1,2,1078.2
CUST3186,1078.2,1,2,1078.2
CUST4472,1078.2,1,2,1078.2
CUST3893,1078.2,1,2,1078.2
CUST1934,1078.2,1,2,1078.2
CUST7844,1078.2,1,2,1078.2
CUST2457,1078.2,1,2,1078.2
CUST3814,1078.2,1,2,1078.2
CUST7171,1078.2,1,2,1078.2
CUST7024,1078.2,1,2,1078.2
CUST6121,1078.2,1,2,1078.2
CUST4872,1078.2,1,2,1078.2
CUST4327,1078.2,2,2,539.1
CUST2081,1078.2,1,2,1078.2
CUST3986,1078.2,1,2,1078.2
CUST5222,1078.2,1,2,1078.2
CUST6279,1078.2,1,2,1078.2
CUST1369,1078.1999999999998,2,2,539.0999999999999
CUST7738,1077.3,1,3,1077.3
CUST3747,1063.25,2,2,531.625
CUST4726,1058.25,2,2,529.125
CUST6605,1048.25,2,2,524.125
CUST4480,1044.05,1,1,1044.05
CUST1962,1044.05,1,1,1044.05
CUST6510,1044.05,1,1,1044.05
CUST4965,1044.05,1,1,1044.05
CUST2703,1044.05,1,1,1044.05
CUST2536,1044.05,1,1,1044.05
CUST1164,1044.05,1,1,1044.05
CUST7042,1044.05,1,1,1044.05
CUST6744,1044.05,1,1,1044.05
CUST7110,1044.05,1,1,1044.05
CUST1173,1039.2,1,1,1039.2
CUST4493,1039.2,1,1,1039.2
CUST7673,1039.2,1,1,1039.2
CUST2777,1039.2,1,1,1039.2
CUST4428,1039.2,1,1,1039.2
CUST6568,1039.2,1,1,1039.2
CUST2211,1039.2,1,1,1039.2
CUST7887,1039.2,1,1,1039.2
CUST3651,1039.2,1,1,1039.2
CUST5270,1038.15,2,2,519.075
CUST7390,1018.3,1,2,1018.3
CUST4862,1018.3,1,2,1018.3
CUST7804,1018.3,1,2,1018.3
CUST7448,1018.3,1,2,1018.3
CUST6824,1018.3,1,2,1018.3
CUST6455,1018.3,1,2,1018.3
CUST5487,1013.1500000000001,2,2,506.57500000000005
CUST6244,1008.1500000000001,2,2,504.07500000000005
CUST6406,1003.1999999999999,2,2,501.59999999999997
CUST7288,999.0,1,1,999.0
CUST3342,999.0,1,1,999.0
CUST2867,999.0,1,1,999.0
CUST3381,999.0,1,1,999.0
CUST5324,999.0,1,1,999.0
CUST1759,999.0,1,1,999.0
CUST6792,999.0,1,1,999.0
CUST6171,999.0,1,1,999.0
CUST6199,999.0,1,1,999.0
CUST1746,999.0,1,1,999.0
CUST5354,999.0,1,1,999.0
CUST1512,999.0,1,1,999.0
CUST7899,999.0,1,1,999.0
CUST1008,999.0,1,1,999.0
CUST1152,999.0,1,1,999.0
CUST6789,999.0,1,1,999.0
CUST5156,999.0,1,1,999.0
CUST2702,999.0,1,1,999.0
CUST5690,999.0,1,1,999.0
CUST5424,999.0,1,1,999.0
CUST6062,999.0,1,1,999.0
CUST5999,999.0,1,1,999.0
CUST2385,999.0,1,1,999.0
CUST2540,999.0,1,1,999.0
CUST6136,999.0,1,1,999.0
CUST7567,999.0,1,1,999.0
CUST7217,999.0,1,1,999.0
CUST3405,999.0,1,1,999.0
CUST6615,999.0,1,1,999.0
CUST3296,998.0,1,2,998.0
CUST6214,998.0,1,2,998.0
CUST2312,998.0,1,2,998.0
CUST4917,998.0,1,2,998.0
CUST2921,998.0,1,2,998.0
CUST5906,993.1999999999999,2,2,496.59999999999997
CUST3829,989.1,1,1,989.1
CUST1778,989.1,1,1,989.1
CUST6766,989.1,1,1,989.1
CUST7936,989.1,1,1,989.1
CUST3407,989.1,1,1,989.1
CUST5620,989.1,1,1,989.1
CUST3902,989.1,1,1,989.1
CUST3538,989.1,1,1,989.1
CUST1373,989.1,1,1,989.1
CUST5148,989.1,1,1,989.1
CUST5172,989.1,1,1,989.1
CUST3369,988.2,2,2,494.1
CUST1826,983.35,2,2,491.675
CUST4367,978.05,2,2,489.025
CUST4213,968.05,2,2,484.025
CUST2525,958.4,1,2,958.4
CUST3223,958.4,1,2,958.4
CUST4211,958.4,1,2,958.4
CUST4242,958.4,1,2,958.4
CUST7550,958.4,1,2,958.4
CUST4214,958.4,1,2,958.4
CUST2241,958.4,1,2,958.4
CUST7769,949.05,1,1,949.05
CUST4028,949.05,1,1,949.05
CUST7959,949.05,1,1,949.05
CUST1800,949.05,1,1,949.05
CUST3151,949.05,1,1,949.05
CUST6326,949.05,1,1,949.05
CUST2056,949.05,1,1,949.05
CUST3729,949.05,1,1,949.05
CUST7871,949.05,1,1,949.05
CUST1822,949.05,1,1,949.05
CUST5675,949.05,1,1,949.05
CUST2249,949.05,1,1,949.05
CUST2137,949.05,1,1,949.05
CUST6429,949.05,1,1,949.05
CUST7106,949.05,1,1,949.05
CUST3220,949.05,1,1,949.05
CUST2719,949.05,1,1,949.05
CUST2501,948.1,1,2,948.1
CUST3653,948.1,1,2,948.1
CUST4338,948.1,1,2,948.1
CUST4419,934.15,1,1,934.15
CUST5066,934.15,1,1,934.15
CUST5174,934.15,1,1,934.15
CUST4415,934.15,1,1,934.15
CUST2766,934.15,1,1,934.15
CUST5025,934.15,1,1,934.15
CUST3938,928.15,2,2,464.075
CUST2634,899.1,1,1,899.1
CUST1189,899.1,1,1,899.1
CUST1030,899.1,1,1,899.1
CUST4863,899.1,1,1,899.1
CUST4128,899.1,1,1,899.1
CUST7051,899.1,1,1,899.1
CUST1402,899.1,1,1,899.1
CUST5036,899.1,1,1,899.1
CUST6168,899.1,1,1,899.1
CUST5407,899.1,1,1,899.1
CUST1312,899.1,1,1,899.1
CUST3124,899.1,1,1,899.1
CUST7282,899.1,1,1,899.1
CUST3329,899.1,1,1,899.1
CUST3095,899.1,1,1,899.1
CUST2890,899.1,1,1,899.1
CUST7437,899.1,1,1,899.1
CUST3480,899.1,1,1,899.1
CUST6166,899.1,1,1,899.1
CUST5072,899.1,1,1,899.1
CUST4527,899.1,1,1,899.1
CUST2813,899.1,1,1,899.1
CUST4946,899.1,1,1,899.1
CUST6155,899.1,1,1,899.1
CUST6837,899.1,1,1,899.1
CUST2868,899.0,1,1,899.0
CUST7546,899.0,1,1,899.0
CUST7125,899.0,1,1,899.0
CUST7215,899.0,1,1,899.0
CUST6235,899.0,1,1,899.0
CUST5076,899.0,1,1,899.0
CUST1671,899.0,1,1,899.0
CUST5200,899.0,1,1,899.0
CUST3727,899.0,1,1,899.0
CUST1004,899.0,1,1,899.0
CUST7337,899.0,1,1,899.0
CUST2006,899.0,1,1,899.0
CUST6940,899.0,1,1,899.0
CUST6456,898.2,1,2,898.2
CUST6280,898.2,1,2,898.2
CUST3489,898.2,1,2,898.2
CUST4790,898.2,1,2,898.2
CUST2626,898.2,2,2,449.1
CUST5060,898.2,1,2,898.2
CUST4978,898.2,1,2,898.2
CUST1473,898.2,1,2,898.2
CUST5799,898.0,2,2,449.0
CUST7551,879.2,1,1,879.2
CUST6735,879.2,1,1,879.2
CUST3146,879.2,1,1,879.2
CUST4924,879.2,1,1,879.2
CUST3731,879.2,1,1,879.2
CUST4408,854.05,1,1,854.05
CUST6881,854.05,1,1,854.05
CUST4941,854.05,1,1,854.05
CUST7250,854.05,1,1,854.05
CUST1610,854.05,1,1,854.05
CUST6598,854.05,1,1,854.05
CUST2147,849.15,1,1,849.15
CUST1052,849.15,1,1,849.15
CUST5932,849.15,1,1,849.15
CUST4217,849.15,1,1,849.15
CUST4499,849.15,1,1,849.15
CUST1337,849.15,1,1,849.15
CUST5350,849.15,1,1,849.15
CUST6919,849.15,1,1,849.15
CUST5283,849.15,1,1,849.15
CUST4464,849.15,1,1,849.15
CUST1961,849.15,1,1,849.15
CUST1274,849.15,1,1,849.15
CUST7488,849.15,1,1,849.15
CUST4555,848.3,1,2,848.3
CUST4185,848.3,1,2,848.3
CUST7026,848.3,1,2,848.3
CUST5425,848.3,1,2,848.3
CUST7615,828.1500000000001,2,2,414.07500000000005
CUST4983,809.1,1,1,809.1
CUST2937,809.1,1,1,809.1
CUST1347,809.1,1,1,809.1
CUST5668,809.1,1,1,809.1
CUST1368,809.1,1,1,809.1
CUST7257,809.1,1,1,809.1
CUST6964,809.1,1,1,809.1
CUST6751,809.1,1,1,809.1
CUST2675,809.1,1,1,809.1
CUST2388,809.1,1,1,809.1
CUST5772,809.1,1,1,809.1
CUST3297,809.1,1,1,809.1
CUST7399,809.1,1,1,809.1
CUST5311,809.1,1,1,809.1
CUST2775,809.1,1,1,809.1
CUST6071,799.2,1,1,799.2
CUST7741,799.2,1,1,799.2
CUST5260,799.2,1,1,799.2
CUST3264,799.2,1,1,799.2
CUST2216,799.2,1,1,799.2
CUST2382,799.2,1,1,799.2
CUST3344,799.2,1,1,799.2
CUST6851,799.2,1,1,799.2
CUST6855,799.2,1,1,799.2
CUST4795,799.0,1,1,799.0
CUST4798,799.0,1,1,799.0
CUST6077,799.0,1,1,799.0
CUST7794,799.0,1,1,799.0
CUST4492,799.0,1,1,799.0
CUST4717,799.0,1,1,799.0
CUST2983,799.0,1,1,799.0
CUST7343,799.0,1,1,799.0
CUST1124,799.0,1,1,799.0
CUST1935,799.0,1,1,799.0
CUST5760,798.4,1,2,798.4
CUST1864,798.4,1,2,798.4
CUST7122,798.4,1,2,798.4
CUST3946,798.0,1,2,798.0
CUST7833,798.0,1,2,798.0
CUST2696,798.0,1,2,798.0
CUST3035,798.0,1,2,798.0
CUST6285,798.0,1,2,798.0
CUST3955,798.0,1,2,798.0
CUST1836,778.05,2,2,389.025
CUST7599,764.15,1,1,764.15
CUST1391,764.15,1,1,764.15
CUST2492,759.05,1,1,759.05
CUST1854,759.05,1,1,759.05
CUST5016,759.05,1,1,759.05
CUST4765,759.05,1,1,759.05
CUST6592,759.05,1,1,759.05
CUST2308,758.1,1,2,758.1
CUST2381,758.1,1,2,758.1
CUST2332,758.1,1,2,758.1
CUST3802,738.1500000000001,2,2,369.07500000000005
CUST4589,719.2,1,1,719.2
CUST6286,719.2,1,1,719.2
CUST2190,719.2,1,1,719.2
CUST1486,719.2,1,1,719.2
CUST4162,719.2,1,1,719.2
CUST1251,719.1,1,1,719.1
CUST7965,719.1,1,1,719.1
CUST4293,719.1,1,1,719.1
CUST4189,719.1,1,1,719.1
CUST2745,719.1,1,1,719.1
CUST7691,718.2,1,2,718.2
CUST5854,718.2,1,2,718.2
CUST5580,718.2,1,2,718.2
CUST1570,718.2,1,2,718.2
CUST7078,699.0,1,1,699.0
CUST7412,699.0,1,1,699.0
CUST4568,699.0,1,1,699.0
CUST5753,699.0,1,1,699.0
CUST3883,699.0,1,1,699.0
CUST3809,699.0,1,1,699.0
CUST3542,699.0,1,1,699.0
CUST2506,699.0,1,1,699.0
CUST6645,699.0,1,1,699.0
CUST6827,699.0,1,1,699.0
CUST7770,679.15,1,1,679.15
CUST5789,679.15,1,1,679.15
CUST5130,679.15,1,1,679.15
CUST2651,679.15,1,1,679.15
CUST2351,679.15,1,1,679.15
CUST1092,679.15,1,1,679.15
CUST7183,679.15,1,1,679.15
CUST1193,679.15,1,1,679.15
CUST3007,679.15,1,1,679.15
CUST2835,678.3,1,2,678.3
CUST3273,678.3,1,2,678.3
CUST3712,664.05,1,1,664.05
CUST5584,664.05,1,1,664.05
CUST1784,664.05,1,1,664.05
CUST2566,664.05,1,1,664.05
CUST3189,664.05,1,1,664.05
CUST7585,664.05,1,1,664.05
CUST2310,664.05,1,1,664.05
CUST7712,664.05,1,1,664.05
CUST5913,664.05,1,1,664.05
CUST7878,639.2,1,1,639.2
CUST2329,639.2,1,1,639.2
CUST2150,639.2,1,1,639.2
CUST7558,639.2,1,1,639.2
CUST4839,639.2,1,1,639.2
CUST1706,638.4,1,2,638.4
CUST7218,638.4,1,2,638.4
CUST5517,638.4,1,2,638.4
CUST6967,629.1,1,1,629.1
CUST3450,629.1,1,1,629.1
CUST6348,629.1,1,1,629.1
CUST5105,629.1,1,1,629.1
CUST6585,629.1,1,1,629.1
CUST1796,629.1,1,1,629.1
CUST5427,599.0,1,1,599.0
CUST2102,599.0,1,1,599.0
CUST6013,599.0,1,1,599.0
CUST7655,599.0,1,1,599.0
CUST5212,599.0,1,1,599.0
CUST6821,599.0,1,1,599.0
CUST1659,599.0,1,1,599.0
CUST2689,599.0,1,1,599.0
CUST7992,599.0,1,1,599.0
CUST2641,599.0,1,1,599.0
CUST7721,599.0,1,1,599.0
CUST2322,599.0,1,1,599.0
CUST2049,599.0,1,1,599.0
CUST7436,599.0,1,1,599.0
CUST2736,599.0,1,1,599.0
CUST6378,599.0,1,1,599.0
CUST7326,599.0,1,1,599.0
CUST3130,599.0,1,1,599.0
CUST4275,599.0,1,1,599.0
CUST4038,599.0,1,1,599.0
CUST1446,599.0,1,1,599.0
CUST1960,599.0,1,1,599.0
CUST7111,599.0,1,1,599.0
CUST5440,599.0,1,1,599.0
CUST2420,599.0,1,1,599.0
CUST3781,599.0,1,1,599.0
CUST2121,594.15,1,1,594.15
CUST1073,594.15,1,1,594.15
CUST5701,594.15,1,1,594.15
CUST5052,594.15,1,1,594.15
CUST6433,594.15,1,1,594.15
CUST6786,569.05,1,1,569.05
CUST5223,569.05,1,1,569.05
CUST3119,569.05,1,1,569.05
CUST3524,569.05,1,1,569.05
CUST5881,569.05,1,1,569.05
CUST3268,569.05,1,1,569.05
CUST4602,569.05,1,1,569.05
CUST4510,569.05,1,1,569.05
CUST3510,569.05,1,1,569.05
CUST6668,569.05,1,1,569.05
CUST6355,569.05,1,1,569.05
CUST7007,569.05,1,1,569.05
CUST3584,569.05,1,1,569.05
CUST6590,569.05,1,1,569.05
CUST3869,569.05,1,1,569.05
CUST6110,569.05,1,1,569.05
CUST3083,569.05,1,1,569.05
CUST6143,569.05,1,1,569.05
CUST3396,569.05,1,1,569.05
CUST6511,569.05,1,1,569.05
CUST6501,569.05,1,1,569.05
CUST3234,569.05,1,1,569.05
CUST1887,569.05,1,1,569.05
CUST4516,569.05,1,1,569.05
CUST1032,569.05,1,1,569.05
CUST7753,569.05,1,1,569.05
CUST2479,569.05,1,1,569.05
CUST3005,569.05,1,1,569.05
CUST1430,569.05,1,1,569.05
CUST6960,569.05,1,1,569.05
CUST4074,569.05,1,1,569.05
CUST3706,559.2,1,1,559.2
CUST2079,559.2,1,1,559.2
CUST7440,559.2,1,1,559.2
CUST6575,559.2,1,1,559.2
CUST4210,559.2,1,1,559.2
CUST1269,559.2,1,1,559.2
CUST1476,559.2,1,1,559.2
CUST6762,539.1,1,1,539.1
CUST3658,539.1,1,1,539.1
CUST1752,539.1,1,1,539.1
CUST3951,539.1,1,1,539.1
CUST3949,539.1,1,1,539.1
CUST7293,539.1,1,1,539.1
CUST7728,539.1,1,1,539.1
CUST1557,539.1,1,1,539.1
CUST1604,539.1,1,1,539.1
CUST4856,539.1,1,1,539.1
CUST3030,539.1,1,1,539.1
CUST1188,539.1,1,1,539.1
CUST7534,539.1,1,1,539.1
CUST1177,539.1,1,1,539.1
CUST2819,539.1,1,1,539.1
CUST4311,539.1,1,1,539.1
CUST4268,539.1,1,1,539.1
CUST3404,539.1,1,1,539.1
CUST6982,539.1,1,1,539.1
CUST4614,539.1,1,1,539.1
CUST3053,539.1,1,1,539.1
CUST6398,539.1,1,1,539.1
CUST4779,539.1,1,1,539.1
CUST7464,539.1,1,1,539.1
CUST7244,539.1,1,1,539.1
CUST6863,539.1,1,1,539.1
CUST2992,539.1,1,1,539.1
CUST3610,539.1,1,1,539.1
CUST7927,539.1,1,1,539.1
CUST1536,539.1,1,1,539.1
CUST3879,539.1,1,1,539.1
CUST1375,539.1,1,1,539.1
CUST5687,539.1,1,1,539.1
CUST1564,509.15,1,1,509.15
CUST3066,509.15,1,1,509.15
CUST3562,509.15,1,1,509.15
CUST2179,509.15,1,1,509.15
CUST2148,509.15,1,1,509.15
CUST7848,509.15,1,1,509.15
CUST4597,509.15,1,1,509.15
CUST7909,509.15,1,1,509.15
CUST6522,509.15,1,1,509.15
CUST1167,509.15,1,1,509.15
CUST5825,509.15,1,1,509.15
CUST5441,509.15,1,1,509.15
CUST5490,509.15,1,1,509.15
CUST5808,509.15,1,1,509.15
CUST5322,509.15,1,1,509.15
CUST5882,509.15,1,1,509.15
CUST4260,509.15,1,1,509.15
CUST7302,509.15,1,1,509.15
CUST3115,509.15,1,1,509.15
CUST7275,509.15,1,1,509.15
CUST2932,509.15,1,1,509.15
CUST2476,509.15,1,1,509.15
CUST7590,509.15,1,1,509.15
CUST4959,509.15,1,1,509.15
CUST5432,499.0,1,1,499.0
CUST5056,499.0,1,1,499.0
CUST5730,499.0,1,1,499.0
CUST2859,499.0,1,1,499.0
CUST3463,499.0,1,1,499.0
CUST1673,499.0,1,1,499.0
CUST4174,499.0,1,1,499.0
CUST5269,499.0,1,1,499.0
CUST7818,499.0,1,1,499.0
CUST7947,499.0,1,1,499.0
CUST6374,499.0,1,1,499.0
CUST6788,499.0,1,1,499.0
CUST6697,499.0,1,1,499.0
CUST4657,499.0,1,1,499.0
CUST2789,499.0,1,1,499.0
CUST3145,479.2,1,1,479.2
CUST6177,479.2,1,1,479.2
CUST1103,479.2,1,1,479.2
CUST5281,479.2,1,1,479.2
CUST2826,479.2,1,1,479.2
CUST4710,479.2,1,1,479.2
CUST1257,479.2,1,1,479.2
CUST6149,479.2,1,1,479.2
CUST7129,479.2,1,1,479.2
CUST6836,479.2,1,1,479.2
CUST1747,479.2,1,1,479.2
CUST3701,474.05,1,1,474.05
CUST1084,474.05,1,1,474.05
CUST1489,474.05,1,1,474.05
CUST5166,474.05,1,1,474.05
CUST6025,449.1,1,1,449.1
CUST2482,449.1,1,1,449.1
CUST7810,449.1,1,1,449.1
CUST5774,449.1,1,1,449.1
CUST1085,449.1,1,1,449.1
CUST3092,449.1,1,1,449.1
CUST1633,449.1,1,1,449.1
CUST6016,449.1,1,1,449.1
CUST2478,449.1,1,1,449.1
CUST7199,449.1,1,1,449.1
CUST5431,449.1,1,1,449.1
CUST6839,449.1,1,1,449.1
CUST2913,449.1,1,1,449.1
CUST3160,449.1,1,1,449.1
CUST5159,449.1,1,1,449.1
CUST7862,424.15,1,1,424.15
CUST2746,424.15,1,1,424.15
CUST7334,424.15,1,1,424.15
CUST1452,424.15,1,1,424.15
CUST5904,424.15,1,1,424.15
CUST2678,399.2,1,1,399.2
CUST5907,399.2,1,1,399.2
CUST5426,399.2,1,1,399.2
CUST4414,399.2,1,1,399.2
CUST2350,399.0,1,1,399.0
CUST6247,399.0,1,1,399.0
CUST5496,399.0,1,1,399.0
CUST6257,399.0,1,1,399.0
CUST7094,399.0,1,1,399.0
CUST1396,399.0,1,1,399.0
CUST2271,399.0,1,1,399.0
CUST1619,399.0,1,1,399.0
CUST7644,399.0,1,1,399.0
CUST1527,399.0,1,1,399.0
CUST3761,399.0,1,1,399.0
CUST5718,379.05,1,1,379.05
CUST7451,379.05,1,1,379.05
CUST6686,379.05,1,1,379.05
CUST1518,379.05,1,1,379.05
CUST6529,379.05,1,1,379.05
CUST1885,379.05,1,1,379.05
CUST2590,359.1,1,1,359.1
CUST7857,359.1,1,1,359.1
CUST4977,359.1,1,1,359.1
CUST2119,359.1,1,1,359.1
CUST3283,359.1,1,1,359.1
CUST7060,359.1,1,1,359.1
CUST6270,359.1,1,1,359.1
CUST2272,359.1,1,1,359.1
CUST7687,359.1,1,1,359.1
CUST2114,359.1,1,1,359.1
CUST6661,359.1,1,1,359.1
CUST3531,339.15,1,1,339.15
CUST2978,339.15,1,1,339.15
CUST1100,339.15,1,1,339.15
CUST2279,339.15,1,1,339.15
CUST5993,319.2,1,1,319.2
CUST3293,319.2,1,1,319.2
